Timestamp,Water_Pressure_psi,Pump_Vibration_mms,Weather_Context,Network_Latency_ms,Ground_Truth_State
2026-03-01 00:00:00,50.745071229516846,2.419806630975801,Clear,16.62410862512809,None
2026-03-01 00:15:00,49.79260354824322,2.2773901048738305,Clear,19.27740664642241,None
2026-03-01 00:30:00,50.971532807151036,2.017889110976052,Clear,16.037900395000193,None
2026-03-01 00:45:00,52.28454478461204,1.8059189666883277,Clear,18.4601923518048,None
2026-03-01 01:00:00,49.648769937915,2.2094669940840768,Clear,10.531926665231072,None
2026-03-01 01:15:00,49.64879456457623,2.118045615626525,Clear,21.066468536864694,None
2026-03-01 01:30:00,52.368819223261085,2.2685579660083195,Clear,20.006027376811122,None
2026-03-01 01:45:00,51.151152093729365,2.190551540504591,Clear,15.914556844659046,None
2026-03-01 02:00:00,49.29578842109757,2.3148658145958008,Clear,23.296228342162024,None
2026-03-01 02:15:00,50.81384006537895,1.8394294365318296,Clear,24.68785068813279,None
2026-03-01 02:30:00,49.30487346078131,2.395218219690298,Clear,11.96220067815513,None
2026-03-01 02:45:00,49.30140536964461,2.05927988140772,Clear,16.18637610716893,None
2026-03-01 03:00:00,50.36294340734905,2.6225782617875795,Clear,16.15428825106351,None
2026-03-01 03:15:00,47.1300796330133,1.7932436545731296,Clear,15.300484494455677,None
2026-03-01 03:30:00,47.41262325123045,2.520789140949575,Clear,24.147374209658743,None
2026-03-01 03:45:00,49.15656870613854,2.0593732350387945,Clear,19.030869306135983,None
2026-03-01 04:00:00,48.48075331949836,1.8045745989156654,Clear,18.677425793446947,None
2026-03-01 04:15:00,50.47137099889291,1.8548342497837036,Clear,9.980688177966233,None
2026-03-01 04:30:00,48.63796388671818,1.903895807541704,Clear,23.17709015104613,None
2026-03-01 04:45:00,47.881544447997065,2.127249783920575,Clear,13.803708025732638,None
2026-03-01 05:00:00,52.19847315338233,2.15685064641065,Clear,20.299663151331643,None
2026-03-01 05:15:00,49.6613355492702,1.8278899988184263,Clear,21.386884689790957,None
2026-03-01 05:30:00,50.10129230703188,1.992693622321705,Clear,26.803292979193255,None
2026-03-01 05:45:00,47.86287772067981,2.642681107583559,Clear,13.455898004404439,None
2026-03-01 06:00:00,49.183425913212226,2.5182629510302132,Clear,4.902439220895873,None
2026-03-01 06:15:00,50.1663838845648,2.1308971009022097,Clear,20.919247723768475,None
2026-03-01 06:30:00,48.273509633866546,2.01140104345046,Clear,29.002555907554267,None
2026-03-01 06:45:00,50.56354702751851,2.0360093980154783,Clear,26.19473176469719,None
2026-03-01 07:00:00,49.09904196512179,2.184055391819125,Clear,21.048297076373128,None
2026-03-01 07:15:00,49.562459375310084,1.6931622304404783,Clear,17.541819071839765,None
2026-03-01 07:30:00,49.097440081655904,1.9227870387729964,Clear,24.035612983186553,None
2026-03-01 07:45:00,52.778417276763406,1.4994247778367233,Clear,15.132269001477656,None
2026-03-01 08:00:00,49.9797541628931,2.1197669367815837,Clear,22.381788846781095,None
2026-03-01 08:15:00,48.41343360656615,2.194158781910822,Clear,22.527350795833133,None
2026-03-01 08:30:00,51.23381736815478,1.8550440613101877,Clear,25.3010495374944,None
2026-03-01 08:45:00,48.16873452504347,2.47219602898701,Clear,33.79830019455539,None
2026-03-01 09:00:00,50.313295392507136,1.6322703010992976,Clear,21.962079835893835,None
2026-03-01 09:15:00,47.06049481418034,1.560687535937054,Clear,17.455181871462507,None
2026-03-01 09:30:00,48.007720926652354,2.0673355455679916,Clear,19.87212843904003,None
2026-03-01 09:45:00,50.29529185380368,2.3141294907836465,Clear,11.15462047555441,None
2026-03-01 10:00:00,51.10769986999311,2.505178307437361,Clear,16.52643434455471,None
2026-03-01 10:15:00,50.257052421784955,1.862334721139318,Clear,17.95358780943448,None
2026-03-01 10:30:00,49.82652757641764,2.3236042500293888,Clear,17.379558010327038,None
2026-03-01 10:45:00,49.548344456616064,1.9884474591497878,Clear,20.76177436016861,None
2026-03-01 11:00:00,47.78221701444886,1.9482118100177541,Clear,15.887900338088997,None
2026-03-01 11:15:00,48.920233687407936,2.2650979812460017,Clear,25.605153336622358,None
2026-03-01 11:30:00,49.309041843560315,2.195696863524026,Clear,20.001035324590987,None
2026-03-01 11:45:00,51.58568333932838,1.5270823529047253,Clear,19.953498394306926,None
2026-03-01 12:00:00,50.515427434352695,2.4429621049177688,Clear,18.36052641743541,None
2026-03-01 12:15:00,47.3554397669559,2.4140274062442355,Clear,20.775953419294897,None
2026-03-01 12:30:00,50.486125954092195,1.8123311895471412,Clear,24.125491323338174,None
2026-03-01 12:45:00,49.42237657937552,2.1187410600312226,Clear,15.664348921445498,None
2026-03-01 13:00:00,48.98461699954106,2.1482090558848217,Clear,16.709417554623716,None
2026-03-01 13:15:00,50.9175144332613,2.0782021297471722,Clear,18.481369856116675,None
2026-03-01 13:30:00,51.54649928374393,1.834908453846374,Clear,13.270645382633926,None
2026-03-01 13:45:00,51.3969201786743,1.7985129896185845,Clear,15.903710701392512,None
2026-03-01 14:00:00,48.74117371516604,1.9923337787025663,Clear,17.618895632276704,None
2026-03-01 14:15:00,49.53618143622318,2.3518187057778093,Clear,24.37194590356364,None
2026-03-01 14:30:00,50.49689514710535,2.1630800463783295,Clear,21.312806645009626,None
2026-03-01 14:45:00,51.46331769068354,1.8888157003741681,Clear,20.967949556837723,None
2026-03-01 15:00:00,49.281238643232065,2.2315096131945036,Clear,24.25448981083986,None
2026-03-01 15:15:00,49.721511535004275,1.1454372138109774,Clear,19.313141058003016,None
2026-03-01 15:30:00,48.34049753899096,2.344629710111631,Clear,21.952324249644448,None
2026-03-01 15:45:00,48.205690063879,1.4780858663665701,Clear,19.48389123533752,None
2026-03-01 16:00:00,51.218788733591296,1.8912677175790604,Clear,21.326811746998143,None
2026-03-01 16:15:00,52.034360042856235,1.6640990316121569,Clear,17.08620671194209,None
2026-03-01 16:30:00,49.8919848176295,1.6115955572837284,Clear,7.805914208617855,None
2026-03-01 16:45:00,51.50529934683804,2.3482480362135556,Clear,19.32860418906848,None
2026-03-01 17:00:00,50.54245403757145,1.8596896396064326,Clear,27.113740680499703,None
2026-03-01 17:15:00,49.032320368092314,2.1039511645192146,Clear,24.631077011207964,None
2026-03-01 17:30:00,50.54209340826262,1.9859238263362449,Clear,24.826987422955852,None
2026-03-01 17:45:00,52.30705484969896,2.1431122481669362,Clear,26.18065360903109,None
2026-03-01 18:00:00,49.946260941335076,2.0230465673180764,Clear,20.443287954807186,None
2026-03-01 18:15:00,52.34696548372101,1.615102332743429,Clear,20.986578537027977,None
2026-03-01 18:30:00,46.07038234386538,2.298880045834142,Clear,16.91174052282825,None
2026-03-01 18:45:00,51.23285375656283,1.8518730250516062,Clear,18.41963571986475,None
2026-03-01 19:00:00,50.13057060235726,1.5330254304020747,Clear,23.07885574885571,None
2026-03-01 19:15:00,49.5514889743012,1.8715654517102263,Clear,26.019422185844082,None
2026-03-01 19:30:00,50.137641164803256,2.4502279371902933,Clear,19.302768621595003,None
2026-03-01 19:45:00,47.01864662809866,2.255066522634048,Clear,17.749053675742942,None
2026-03-01 20:00:00,49.67049216824373,1.8954043596776422,Clear,20.002639794282988,None
2026-03-01 20:15:00,50.535668857267616,1.8952226887044714,Clear,23.006033744645574,None
2026-03-01 20:30:00,52.21684106711228,1.9035094846347853,Clear,12.78072591933229,None
2026-03-01 20:45:00,49.22259467258953,2.6230243950682524,Clear,8.51909523431381,None
2026-03-01 21:00:00,48.78725959566022,2.114580635669466,Clear,17.247315752542082,None
2026-03-01 21:15:00,49.247364434623194,2.1290124941573207,Clear,13.896437870429207,None
2026-03-01 21:30:00,51.37310317655311,2.3090850362095527,Clear,17.459299011763445,None
2026-03-01 21:45:00,50.49312666448952,2.071636747707954,Clear,19.26109840591264,None
2026-03-01 22:00:00,49.20535969434944,1.922287356253789,Clear,17.733757954884933,None
2026-03-01 22:15:00,50.769901149670034,1.9410950452745066,Clear,27.262337672353727,None
2026-03-01 22:30:00,50.14561632402206,1.9785196221757808,Clear,21.6337238230116,None
2026-03-01 22:45:00,51.452967485799334,1.9888333290470475,Clear,21.502371798054142,None
2026-03-01 23:00:00,48.94692035918397,2.218288863091094,Clear,23.11103572021701,None
2026-03-01 23:15:00,49.508506780103346,2.01558376574219,Clear,14.305834411096154,None
2026-03-01 23:30:00,49.411837770301766,2.2197920231646737,Clear,25.195558937101342,None
2026-03-01 23:45:00,47.80472757780182,1.9757850259674252,Clear,19.6211785673227,None
2026-03-02 00:00:00,50.44418041559686,2.023590557094827,Clear,23.352403086206063,None
2026-03-02 00:15:00,50.39158290826983,1.4005397946403677,Clear,14.640713834799222,None
2026-03-02 00:30:00,50.00767018496369,2.2748983024107443,Clear,12.231206169919679,None
2026-03-02 00:45:00,49.64811929993728,2.103946542769398,Clear,24.089448290125144,None
2026-03-02 01:00:00,47.87694388692438,2.299403032957896,Clear,21.882047630487584,None
2026-03-02 01:15:00,49.369032015851964,1.1311233865418933,Clear,15.489742228212448,None
2026-03-02 01:30:00,49.48592822520985,2.626512411434218,Clear,15.651684593626527,None
2026-03-02 01:45:00,48.79658409616757,1.9581231115534479,Clear,25.627173922073847,None
2026-03-02 02:00:00,49.758071432500984,2.332454845021255,Clear,14.05294053566336,None
2026-03-02 02:15:00,50.60607628522181,1.6880282218623408,Clear,28.213364766279817,None
2026-03-02 02:30:00,52.82927885181579,2.183832171518771,Clear,15.496896326760655,None
2026-03-02 02:45:00,50.261866719247756,1.683975331047903,Clear,23.191959628041914,None
2026-03-02 03:00:00,50.38632558608415,1.8128693117912584,Clear,18.356907621255075,None
2026-03-02 03:15:00,49.88833112635075,2.574209406160036,Clear,23.015937155411716,None
2026-03-02 03:30:00,47.12184317705144,1.942795279770996,Clear,17.279429989429037,None
2026-03-02 03:45:00,49.960229186826176,2.0652298619539167,Clear,19.18603546963853,None
2026-03-02 04:00:00,50.09034531491154,2.2610203192066263,Clear,20.204595876978605,None
2026-03-02 04:15:00,53.69486316872793,2.1487045663917814,Clear,14.989062721092637,None
2026-03-02 04:30:00,49.71145855282832,2.045125671543073,Clear,23.704121727100627,None
2026-03-02 04:45:00,50.452321013500416,2.1094883007398675,Clear,17.433932167642073,None
2026-03-02 05:00:00,49.94793234544213,2.7210246755714826,Clear,18.857000423299908,None
2026-03-02 05:15:00,48.2469829435707,1.9827143608899245,Clear,15.028253126957438,None
2026-03-02 05:30:00,51.71423422177253,2.06032971401449,Clear,7.1883317060234475,None
2026-03-02 05:45:00,51.12789954903016,2.3151963188022835,Clear,19.044861186999157,None
2026-03-02 06:00:00,51.18654792056457,2.331657779887395,Clear,32.063077108064576,None
2026-03-02 06:15:00,48.63591881780789,2.356109091668114,Clear,23.92302143949012,None
2026-03-02 06:30:00,52.104191466404146,2.191619066608755,Clear,19.903698101328025,None
2026-03-02 06:45:00,47.89722340581158,1.6570985261808548,Clear,18.68554585395866,None
2026-03-02 07:00:00,50.88028564070041,2.4900294596903287,Clear,20.11232946406023,None
2026-03-02 07:15:00,53.28568343871497,1.6560963820943937,Clear,22.73559557587605,None
2026-03-02 07:30:00,48.51419551230397,2.09079063957171,Clear,14.095935923455777,None
2026-03-02 07:45:00,49.15055340559584,1.7737172449941927,Clear,25.571608473344362,None
2026-03-02 08:00:00,50.149477047631464,1.9807584960221023,Clear,23.57690657720622,None
2026-03-02 08:15:00,49.2447865188257,2.098628723091044,Clear,23.59092862853967,None
2026-03-02 08:30:00,47.6740048534008,2.0964071646350817,Clear,22.192378694048635,None
2026-03-02 08:45:00,50.10284446220904,2.1265762262705854,Clear,20.09808328846995,None
2026-03-02 09:00:00,48.40654442941084,2.484113380717594,Clear,23.3643061798341,None
2026-03-02 09:15:00,50.710388645952776,2.136060290454194,Clear,22.95907066870689,None
2026-03-02 09:30:00,48.6208636486493,1.9267530094128054,Clear,18.22979644529488,None
2026-03-02 09:45:00,52.32490160752631,2.289226150486507,Clear,17.131991135515495,None
2026-03-02 10:00:00,48.825120061495646,2.356841146677392,Clear,20.509281476309933,None
2026-03-02 10:15:00,49.51690772569149,1.6317176554589023,Clear,27.74510075747594,None
2026-03-02 10:30:00,51.220275826054504,2.1792200209549573,Clear,13.804464621730496,None
2026-03-02 10:45:00,48.153703525349066,2.2103518226932697,Clear,12.6623736712378,None
2026-03-02 11:00:00,50.34118990190619,1.9107309489920024,Clear,20.823804206182583,None
2026-03-02 11:15:00,51.96071413142364,2.4127120439934857,Clear,20.25443850928009,None
2026-03-02 11:30:00,47.588775148158156,1.954983323890242,Clear,20.86670832185204,None
2026-03-02 11:45:00,50.276950787798455,2.0376729360414627,Clear,21.219765989542502,None
2026-03-02 12:00:00,50.38982419137263,1.9480784527148391,Clear,18.883988726825976,None
2026-03-02 12:15:00,51.17273430766596,2.0046737142744404,Clear,27.449317193010412,None
2026-03-02 12:30:00,48.14457393368288,1.6711174739314394,Clear,11.995480107617421,None
2026-03-02 12:45:00,48.01931508037359,1.5679847352217118,Clear,15.857514876098769,None
2026-03-02 13:00:00,50.78291234842535,2.4783515189674916,Clear,19.483726199254765,None
2026-03-02 13:15:00,50.44547700984978,1.7459115955045017,Clear,11.784055944229163,None
2026-03-02 13:30:00,26.279229978440995,6.2931972332891775,Heavy Storm,142.76577326367828,Contextual (Storm)
2026-03-02 13:45:00,29.113106249067517,5.832259215450055,Heavy Storm,256.6306297202057,Contextual (Storm)
2026-03-02 14:00:00,24.90539202212327,7.0413455269435365,Heavy Storm,214.5810886825291,Contextual (Storm)
2026-03-02 14:15:00,27.81272762252166,7.1628983237710955,Heavy Storm,185.86626044546364,Contextual (Storm)
2026-03-02 14:30:00,25.20576362977402,6.208200336826998,Heavy Storm,161.3850929424725,Contextual (Storm)
2026-03-02 14:45:00,24.961307849046314,5.083922200944715,Heavy Storm,231.15136553057948,Contextual (Storm)
2026-03-02 15:00:00,29.10348159982184,7.100130874869414,Heavy Storm,186.46523424773002,Contextual (Storm)
2026-03-02 15:15:00,27.177146785767995,7.076950367127874,Heavy Storm,186.10515913743802,Contextual (Storm)
2026-03-02 15:30:00,27.222958449633982,6.595211944962529,Heavy Storm,143.90774900913738,Contextual (Storm)
2026-03-02 15:45:00,26.980386613618236,6.5172205058529205,Heavy Storm,213.47656163855103,Contextual (Storm)
2026-03-02 16:00:00,48.53797749465902,1.250178285537928,Clear,14.44271021531484,None
2026-03-02 16:15:00,51.18062690561368,2.6872827717772223,Clear,21.232523892160025,None
2026-03-02 16:30:00,51.73789336851111,1.583128259970921,Clear,22.491108742483924,None
2026-03-02 16:45:00,48.768976522472435,1.5063803759129324,Clear,25.700745192606334,None
2026-03-02 17:00:00,51.445064193866486,2.306771129602892,Clear,27.902703432841868,None
2026-03-02 17:15:00,50.619171390404745,2.731925721901782,Clear,14.924529040860657,None
2026-03-02 17:30:00,51.23309023999173,2.4152818455531553,Clear,15.94571244394831,None
2026-03-02 17:45:00,52.84518947398092,2.169172736015708,Clear,13.71211070542692,None
2026-03-02 18:00:00,49.63191782599569,2.178426302499586,Clear,18.829900704465093,None
2026-03-02 18:15:00,48.86939575346376,2.2560246676340925,Clear,22.331791872231673,None
2026-03-02 18:30:00,48.66572835556172,2.2276785769360297,Clear,24.93667258294551,None
2026-03-02 18:45:00,48.776284572551845,2.0843574271908127,Clear,19.620244881787386,None
2026-03-02 19:00:00,49.884347435878844,2.031260331185563,Clear,18.40076238372578,None
2026-03-02 19:15:00,50.51172796222497,1.9812220616301432,Clear,20.758789961243703,None
2026-03-02 19:30:00,50.415036198995026,1.773810623339997,Clear,15.824285491849885,None
2026-03-02 19:45:00,51.24077487355404,1.9157974769399677,Clear,30.447693608473866,None
2026-03-02 20:00:00,50.01950283781686,1.4921129557413844,Clear,11.961694864409706,None
2026-03-02 20:15:00,52.18030111573597,1.970498111961575,Clear,20.923702894478623,None
2026-03-02 20:30:00,49.60301475014307,1.7034226678547248,Clear,30.118031096148197,None
2026-03-02 20:45:00,54.08025374988443,1.6689232048352687,Clear,20.033999222799988,None
2026-03-02 21:00:00,50.93850102164751,2.0539682453460437,Clear,19.049804824992528,None
2026-03-02 21:15:00,48.714263665375576,2.4176006859033796,Clear,18.212772885947864,None
2026-03-02 21:30:00,48.39366125290833,2.2754949818006938,Clear,19.09804159118796,None
2026-03-02 21:45:00,50.72370862286478,1.5288498189130468,Clear,26.864242373382652,None
2026-03-02 22:00:00,49.664805822011225,1.7031115590288988,Clear,8.940690443352466,None
2026-03-02 22:15:00,51.071000741138135,2.2822313563964647,Clear,27.667168506481627,None
2026-03-02 22:30:00,50.70985643686032,1.7052537819385072,Clear,12.880214237749275,None
2026-03-02 22:45:00,49.89075663101469,1.9326100550008927,Clear,18.666738353827927,None
2026-03-02 23:00:00,48.72980942289739,2.1650156297073657,Clear,17.853777898506692,None
2026-03-02 23:15:00,47.7277291629712,1.7094966635409095,Clear,22.9427663488536,None
2026-03-02 23:30:00,49.33022757189947,2.031612651843788,Clear,12.009378240581263,None
2026-03-02 23:45:00,51.28459819148521,1.5997923515245387,Clear,22.310863330409713,None
2026-03-03 00:00:00,50.32114061619531,1.8195897068146358,Clear,30.121548116434262,None
2026-03-03 00:15:00,48.13139183193202,2.095934580242761,Clear,13.184129977035948,None
2026-03-03 00:30:00,50.25977138877677,1.5221018799404993,Clear,20.94853083805198,None
2026-03-03 00:45:00,50.577976069593255,2.1321424213881195,Clear,16.690089111016956,None
2026-03-03 01:00:00,48.6742138456983,1.9941086603219957,Clear,22.12943603096518,None
2026-03-03 01:15:00,50.23058765891829,2.165746986325144,Clear,20.09573888707876,None
2026-03-03 01:30:00,50.087313077669,2.067174240219398,Clear,16.79256545477845,None
2026-03-03 01:45:00,48.28554455325406,2.4092421289921533,Clear,22.43936142435537,None
2026-03-03 02:00:00,50.536681040522424,2.0375673507943723,Clear,29.021740548933714,None
2026-03-03 02:15:00,50.84117678955235,1.871178337662424,Clear,19.045481041363505,None
2026-03-03 02:30:00,51.624576864762915,2.036689250909685,Clear,23.59878971074091,None
2026-03-03 02:45:00,51.58070307805235,2.1629894087109163,Clear,13.533635210644182,None
2026-03-03 03:00:00,47.93349594806436,2.0146580210977114,Clear,15.217818115909957,None
2026-03-03 03:15:00,48.59326244012732,2.0121775073611645,Clear,22.362031389401885,None
2026-03-03 03:30:00,50.77255290081299,1.7894024936579733,Clear,27.420580142679825,None
2026-03-03 03:45:00,50.77067892636831,1.8011297247347156,Clear,21.7780667439283,None
2026-03-03 04:00:00,50.77257152945907,1.579218418460092,Clear,18.434709847384227,None
2026-03-03 04:15:00,55.77909723598208,2.524873022956082,Clear,19.99645702711677,None
2026-03-03 04:30:00,50.85633576603975,1.6268410293826145,Clear,13.747961330151412,None
2026-03-03 04:45:00,51.703348460270895,1.792128440661228,Clear,23.022576631776833,None
2026-03-03 05:00:00,51.4310026452398,1.7844778203292408,Clear,24.411665311617046,None
2026-03-03 05:15:00,50.977086876958694,2.2684773130833324,Clear,17.7395483358346,None
2026-03-03 05:30:00,49.52709613303948,1.9115150965123917,Clear,17.649789261202493,None
2026-03-03 05:45:00,51.1384538307399,2.3743226218021203,Clear,21.329391148260243,None
2026-03-03 06:00:00,48.84076217819364,1.7979528127268394,Clear,17.816401319797023,None
2026-03-03 06:15:00,49.64477208988998,2.0836982486671407,Clear,19.669336926870887,None
2026-03-03 06:30:00,49.27195467825634,1.7493958840220727,Clear,30.49860894583258,None
2026-03-03 06:45:00,50.12281120907949,2.6435447383320163,Clear,18.76487149627002,None
2026-03-03 07:00:00,53.471987850010265,1.6437204742911462,Clear,18.20829923989389,None
2026-03-03 07:15:00,47.199102211112375,2.0929462130681085,Clear,16.762290971824203,None
2026-03-03 07:30:00,51.02939028556177,2.1901330642796295,Clear,23.720959857499682,None
2026-03-03 07:45:00,47.580926193215525,2.1241397292354494,Clear,19.093879133909486,None
2026-03-03 08:00:00,49.29210220131585,1.9444137023366874,Clear,16.753134808392872,None
2026-03-03 08:15:00,51.63342589545105,1.961053790079972,Clear,26.60652016136506,None
2026-03-03 08:30:00,50.096420028643195,2.013143441593733,Clear,27.098015022568184,None
2026-03-03 08:45:00,48.38338283310604,1.9558993995114533,Clear,16.997882171306475,None
2026-03-03 09:00:00,48.927044436110045,2.289163735038473,Clear,10.66730024319692,None
2026-03-03 09:15:00,51.01939662340202,2.6631569004774054,Clear,25.03756844918461,None
2026-03-03 09:30:00,48.904450052424295,1.8327524644976498,Clear,16.57685087119998,None
2026-03-03 09:45:00,50.32468788437296,1.5890591061262767,Clear,23.953127995813844,None
2026-03-03 10:00:00,50.06835775985572,1.9735153854946235,Clear,10.149480911440822,None
2026-03-03 10:15:00,49.022599478591275,2.7739128012962957,Clear,24.462986691496546,None
2026-03-03 10:30:00,53.21591613398799,1.7588976296090808,Clear,13.944140353596094,None
2026-03-03 10:45:00,50.95087853347702,2.4917350416332202,Clear,23.653820595332622,None
2026-03-03 11:00:00,46.96228612001359,2.503310244222932,Clear,20.071365339182172,None
2026-03-03 11:15:00,50.27968147215414,1.8339235274876016,Clear,15.230302903016776,None
2026-03-03 11:30:00,49.00732030284742,2.1706949237555824,Clear,17.964818435366098,None
2026-03-03 11:45:00,51.27865000219433,2.4885189869385616,Clear,23.431592284783505,None
2026-03-03 12:00:00,48.81121889235095,1.886261677703754,Clear,20.52947226557617,None
2026-03-03 12:15:00,49.82789533779965,1.9389258919692915,Clear,22.922064902362422,None
2026-03-03 12:30:00,50.757480918470684,1.825495725815407,Clear,29.882202922577427,None
2026-03-03 12:45:00,51.29863279125518,1.69557298079214,Clear,12.178791941444743,None
2026-03-03 13:00:00,48.19955538941633,1.8052167364801979,Clear,28.08606287484312,None
2026-03-03 13:15:00,49.49824814623858,1.632817919971323,Clear,20.521779687616064,None
2026-03-03 13:30:00,49.287582033258566,2.010225040477768,Clear,15.50607975838436,None
2026-03-03 13:45:00,49.020006151139434,1.7690080306824074,Clear,13.348431871305051,None
2026-03-03 14:00:00,52.648181360421646,2.070135773537224,Clear,19.054398046114834,None
2026-03-03 14:15:00,50.60747256644143,1.5332313061389118,Clear,24.6082505596223,None
2026-03-03 14:30:00,48.108674068497436,2.099264069664337,Clear,19.362254398112327,None
2026-03-03 14:45:00,51.37679292058216,2.250058688482677,Clear,27.55577465123674,None
2026-03-03 15:00:00,53.18323429551895,1.4018793072285634,Clear,12.744121549742205,None
2026-03-03 15:15:00,51.54869789082672,2.1122169709542717,Clear,19.939555260769726,None
2026-03-03 15:30:00,47.72094505106898,2.368300697741988,Clear,13.738032777934404,None
2026-03-03 15:45:00,49.27364889070062,1.6371076943926384,Clear,21.81815941312484,None
2026-03-03 16:00:00,51.90036672377993,2.501771716051311,Clear,24.4344369504865,None
2026-03-03 16:15:00,48.93849580157183,2.1257057028098134,Clear,17.896191031594732,None
2026-03-03 16:30:00,50.66572914221934,1.7884964432724773,Clear,6.97893071686433,None
2026-03-03 16:45:00,51.16195108014401,1.9832692767026883,Clear,20.99474073398247,None
2026-03-03 17:00:00,48.60960429263287,2.1674980737565166,Clear,22.183692758667547,None
2026-03-03 17:15:00,49.910711965907296,2.0228016174237236,Clear,22.021473774808488,None
2026-03-03 17:30:00,45.13809898989639,2.161626797733911,Clear,26.17891095911077,None
2026-03-03 17:45:00,48.463418537998564,1.72379792207619,Clear,14.644731601754756,None
2026-03-03 18:00:00,49.62114777291026,2.0508082472108233,Clear,23.401080527252248,None
2026-03-03 18:15:00,48.12832522705273,1.575885650928506,Clear,25.962537562389876,None
2026-03-03 18:30:00,52.44861695589745,1.96663218159539,Clear,11.107062079967417,None
2026-03-03 18:45:00,47.85478793305905,1.7288277075605631,Clear,21.598259129594886,None
2026-03-03 19:00:00,49.33993326995452,1.7793410172230701,Clear,17.479100844961643,None
2026-03-03 19:15:00,50.196110865929136,2.3708279525631313,Clear,19.59238663449177,None
2026-03-03 19:30:00,52.161909933599176,2.3273930361782806,Clear,21.738382417691682,None
2026-03-03 19:45:00,47.84620677323084,2.182741436272153,Clear,17.56385717943224,None
2026-03-03 20:00:00,51.74474562823244,1.6723061705982263,Clear,16.62145960419194,None
2026-03-03 20:15:00,50.01534959152938,1.9050774650915594,Clear,20.170762087440124,None
2026-03-03 20:30:00,48.527737023428074,2.363929309993755,Clear,14.563770305685987,None
2026-03-03 20:45:00,50.69315521139491,2.0425150740919715,Clear,14.570874355574073,None
2026-03-03 21:00:00,50.29858954336021,2.695798861994508,Clear,23.396866414782515,None
2026-03-03 21:15:00,49.09967468426181,2.1179953518183114,Clear,14.25602982420672,None
2026-03-03 21:30:00,50.10470312748503,2.0576147349470095,Clear,23.33156250454606,None
2026-03-03 21:45:00,49.42202960470736,1.9072650607392496,Clear,22.312956464269757,None
2026-03-03 22:00:00,50.17027601787687,2.0400622714346848,Clear,11.370966356047017,None
2026-03-03 22:15:00,50.99319601178157,1.954259049085837,Clear,16.612176738321725,None
2026-03-03 22:30:00,52.379025224218026,2.2124326030065773,Clear,25.97054701523686,None
2026-03-03 22:45:00,48.14327675175973,2.2870106950383753,Clear,15.094172344301592,None
2026-03-03 23:00:00,53.1995500619844,1.764203161847615,Clear,17.677978688453063,None
2026-03-03 23:15:00,47.07186830071625,1.6006301139326666,Clear,22.31030446625948,None
2026-03-03 23:30:00,49.772322357446626,1.4491383880690112,Clear,23.91695254641298,None
2026-03-03 23:45:00,50.88247580972686,2.152397398073763,Clear,18.74230556977752,None
2026-03-04 00:00:00,50.42148780160255,1.6689900181478379,Clear,17.01244902654179,None
2026-03-04 00:15:00,49.06595072026911,1.3541328221142552,Clear,27.111849308492538,None
2026-03-04 00:30:00,49.687816624464084,2.1165735813592894,Clear,28.694498318987897,None
2026-03-04 00:45:00,49.26049859801175,2.747899855229837,Clear,24.894290253908977,None
2026-03-04 01:00:00,49.11595286458368,1.998178726538032,Clear,20.42659071282512,None
2026-03-04 01:15:00,51.27440314553154,2.2515472323354926,Clear,15.958671391795368,None
2026-03-04 01:30:00,50.53552322894757,2.0245488075642695,Clear,15.847777967217173,None
2026-03-04 01:45:00,48.96063560710902,1.9703331040426573,Clear,22.61257052632879,None
2026-03-04 02:00:00,51.34939981314987,2.2757229448963305,Clear,22.09199110444342,None
2026-03-04 02:15:00,50.46094928131492,1.9129176367434046,Clear,27.007992964732146,None
2026-03-04 02:30:00,51.21929317825844,2.080217694221571,Clear,23.252250462680696,None
2026-03-04 02:45:00,50.94444326288542,2.096509341858804,Clear,12.48459849120091,None
2026-03-04 03:00:00,48.75650748361689,1.7995728639070854,Clear,25.259738088614593,None
2026-03-04 03:15:00,49.159728439704544,2.2976127048609567,Clear,15.009696863427935,None
2026-03-04 03:30:00,51.12094040768489,1.9475120729913775,Clear,18.08014364023824,None
2026-03-04 03:45:00,50.9155553981502,1.7732764521521467,Clear,21.251001031258472,None
2026-03-04 04:00:00,49.968647609053775,2.160952953071121,Clear,29.978337448919824,None
2026-03-04 04:15:00,50.17599107496317,1.7304596054626888,Clear,35.549592780026806,None
2026-03-04 04:30:00,51.916497343682636,2.0084543472107383,Clear,23.033615295680914,None
2026-03-04 04:45:00,49.11264291674625,1.997264301006739,Clear,19.084016906398062,None
2026-03-04 05:00:00,50.82064607175506,2.3257686697494733,Clear,22.672528242402752,None
2026-03-04 05:15:00,49.69671102134916,2.1424094698639857,Clear,24.43827712936918,None
2026-03-04 05:30:00,49.67347819515917,1.9924919123764568,Clear,18.396661872214043,None
2026-03-04 05:45:00,51.64816527798079,2.245329889760086,Clear,28.97605677956161,None
2026-03-04 06:00:00,51.23812452348204,2.417062264705194,Clear,21.15035379595701,None
2026-03-04 06:15:00,51.220264454000954,2.1673430919055585,Clear,22.48871544545697,None
2026-03-04 06:30:00,51.958218210731495,2.0031057859530144,Clear,23.329621260272308,None
2026-03-04 06:45:00,50.031505762449136,1.6064491302949522,Clear,22.10793305307228,None
2026-03-04 07:00:00,51.02292945694244,1.6804659010773881,Clear,24.19470250234806,None
2026-03-04 07:15:00,49.53459986510982,1.9084325886935998,Clear,16.913734067265384,None
2026-03-04 07:30:00,50.486249528732664,1.8171463393522151,Clear,17.208491230269846,None
2026-03-04 07:45:00,49.804785418448475,1.9439086091043662,Clear,14.499228835141526,None
2026-03-04 08:00:00,50.14549394748908,2.0169949774691323,Clear,22.19750615310113,None
2026-03-04 08:15:00,50.89273553815537,2.1589078263070194,Clear,23.89468251756057,None
2026-03-04 08:30:00,48.77266897514979,1.9788503665822725,Clear,22.28886433075943,None
2026-03-04 08:45:00,53.13858091352819,2.1459504931478603,Clear,28.372462166737687,None
2026-03-04 09:00:00,48.490973927750446,2.019342324443036,Clear,19.97201990585477,None
2026-03-04 09:15:00,48.1787170808184,1.4073600300938387,Clear,23.343708277962563,None
2026-03-04 09:30:00,51.7371663102501,1.7181993818543737,Clear,14.54149561930343,None
2026-03-04 09:45:00,51.1874940409444,1.9567737332835153,Clear,18.064501487627997,None
2026-03-04 10:00:00,50.936179725578235,1.6370915771476677,Clear,23.47768878782889,None
2026-03-04 10:15:00,50.94251826389642,2.1799786189988613,Clear,24.245510553715718,None
2026-03-04 10:30:00,49.98162984072963,2.4592252497031093,Clear,18.530165261679088,None
2026-03-04 10:45:00,48.65411844277125,2.365628555509195,Clear,19.642003740709665,None
2026-03-04 11:00:00,50.11370683729059,1.9359671387209376,Clear,12.410631266595953,None
2026-03-04 11:15:00,48.98425743273183,2.4472178410549854,Clear,18.214853995966955,None
2026-03-04 11:30:00,51.46267960012663,2.0446002371606333,Clear,24.45191581759893,None
2026-03-04 11:45:00,49.779413927746795,1.8988742086645882,Clear,22.87602508053283,None
2026-03-04 12:00:00,48.76175420481123,1.815979200937718,Clear,22.50332860690605,None
2026-03-04 12:15:00,49.51792123752051,1.9092590940535614,Clear,20.2488684359048,None
2026-03-04 12:30:00,50.61939718141343,1.8835469544376313,Clear,20.03531579314088,None
2026-03-04 12:45:00,49.15441317079404,2.0511248667126463,Clear,16.698394302632764,None
2026-03-04 13:00:00,48.76666940665035,2.0481721943149593,Clear,23.494142101012674,None
2026-03-04 13:15:00,50.36553081723787,2.0009138060460243,Clear,22.10486472194695,None
2026-03-04 13:30:00,50.367449856663086,2.131081450923905,Clear,22.460094239963997,None
2026-03-04 13:45:00,49.239585236943306,2.357193882435902,Clear,17.369825786662098,None
2026-03-04 14:00:00,49.29344254157252,2.284866240632397,Clear,9.233285400643778,None
2026-03-04 14:15:00,50.34807490603645,1.5545306094650289,Clear,25.48576355876848,None
2026-03-04 14:30:00,47.82787348775401,1.2338236595294134,Clear,17.605812719957978,None
2026-03-04 14:45:00,47.888804338435165,2.280295973371782,Clear,15.686121179784397,None
2026-03-04 15:00:00,48.92233366812135,1.5899363904753736,Clear,23.467394559569968,None
2026-03-04 15:15:00,49.67982927243223,1.932570379432195,Clear,18.03993680040435,None
2026-03-04 15:30:00,21.36404154922569,8.607769836387334,Clear,25.29968192023311,Mechanical Failure
2026-03-04 15:45:00,24.811082571115996,8.335687977619294,Clear,23.08502974788349,Mechanical Failure
2026-03-04 16:00:00,23.272234078820468,9.0235719453262,Clear,23.417846616002386,Mechanical Failure
2026-03-04 16:15:00,27.083449328117702,8.46683544240951,Clear,13.170221443997328,Mechanical Failure
2026-03-04 16:30:00,24.740965506273117,8.463885828236105,Clear,26.059719926932004,Mechanical Failure
2026-03-04 16:45:00,48.49620595304329,1.222687312356527,Clear,21.30625265616928,None
2026-03-04 17:00:00,49.97223029601142,1.8361266655242552,Clear,18.153614303768983,None
2026-03-04 17:15:00,49.56701204161979,2.1175412016207638,Clear,20.716942336711256,None
2026-03-04 17:30:00,50.48407784050713,1.5563265293677615,Clear,11.118823835508401,None
2026-03-04 17:45:00,48.759153584671516,2.0550079759337465,Clear,22.043264057403356,None
2026-03-04 18:00:00,50.77901977136176,1.9954070452481014,Clear,14.853142459089643,None
2026-03-04 18:15:00,52.29910836950387,2.1737874498803267,Clear,13.236648570782329,None
2026-03-04 18:30:00,49.836859777314714,2.035874110524246,Clear,12.388204068910545,None
2026-03-04 18:45:00,50.602567583148414,1.7080793177355333,Clear,25.563441874949625,None
2026-03-04 19:00:00,51.035215987566666,2.3589714504993475,Clear,16.853683031536058,None
2026-03-04 19:15:00,49.39816929217125,1.952441128091909,Clear,27.668638549582496,None
2026-03-04 19:30:00,50.336138722715624,1.9918086381470204,Clear,17.32099268473851,None
2026-03-04 19:45:00,50.01888860117269,1.7200196122780411,Clear,11.463210212035266,None
2026-03-04 20:00:00,50.14651414782325,1.867015324642547,Clear,14.417377800256705,None
2026-03-04 20:15:00,48.8404853242168,1.7345591857919298,Clear,26.179058100034695,None
2026-03-04 20:30:00,50.03676526138842,1.948116182022973,Clear,19.220509110316662,None
2026-03-04 20:45:00,50.74699743686818,2.513512544042703,Clear,17.258563517546996,None
2026-03-04 21:00:00,52.17671541169256,1.5884296571205931,Clear,20.80009112926394,None
2026-03-04 21:15:00,51.43890623912781,1.5159315806369777,Clear,22.508913680837725,None
2026-03-04 21:30:00,53.229773686267336,2.4413510982480826,Clear,25.586994079512305,None
2026-03-04 21:45:00,48.84897865566793,1.9372028968544401,Clear,27.242496149464632,None
2026-03-04 22:00:00,51.308480955081016,1.799278178402025,Clear,18.20115677105457,None
2026-03-04 22:15:00,50.27501300860753,2.311971406218823,Clear,13.369761569589809,None
2026-03-04 22:30:00,53.28470439982651,1.8183153380789407,Clear,17.93267419438362,None
2026-03-04 22:45:00,48.787552571967275,2.5478029140640808,Clear,21.30140253291443,None
2026-03-04 23:00:00,48.74041723672884,2.203377761401781,Clear,15.181205368946944,None
2026-03-04 23:15:00,49.10091103183397,1.8536265775562892,Clear,15.214245425524785,None
2026-03-04 23:30:00,46.81415641353529,2.647192463979651,Clear,21.718939407749428,None
2026-03-04 23:45:00,49.21136746747886,1.8182855230989985,Clear,19.756738242147744,None
2026-03-05 00:00:00,48.861301007669454,2.2226286116027922,Clear,20.163984977057932,None
2026-03-05 00:15:00,50.22559067971431,2.0897877741219477,Clear,16.207523326499654,None
2026-03-05 00:30:00,50.51263396366574,2.3905223868196392,Clear,18.847996428971165,None
2026-03-05 00:45:00,52.81425625882383,2.468453359018056,Clear,15.378834278658477,None
2026-03-05 01:00:00,51.425635757279075,2.00960124471973,Clear,24.450992055623935,None
2026-03-05 01:15:00,49.1346445165064,1.773974638896145,Clear,25.176246673618763,None
2026-03-05 01:30:00,48.65237799297746,2.137991642881735,Clear,10.769060688809532,None
2026-03-05 01:45:00,50.73787875725976,1.7966853890743681,Clear,15.35244569903795,None
2026-03-05 02:00:00,48.01965018946904,2.604016174257987,Clear,12.517353724549604,None
2026-03-05 02:15:00,52.74718814878153,2.0409605993248214,Clear,16.74988032796551,None
2026-03-05 02:30:00,51.76916018108193,1.8904035346063675,Clear,19.582810151048196,None
2026-03-05 02:45:00,49.29623652184294,2.0554040917594727,Clear,12.751773901507349,None
2026-03-05 03:00:00,47.43029820636369,1.595862113141091,Clear,15.390700934373434,None
2026-03-05 03:15:00,52.03080856124812,1.7085157884468045,Clear,14.980213139592507,None
2026-03-05 03:30:00,49.828190232121074,2.3601241723833275,Clear,21.03633664699472,None
2026-03-05 03:45:00,51.85672446796019,1.8029317163085814,Clear,20.34672168518125,None
2026-03-05 04:00:00,47.60835851180845,1.685926705195418,Clear,16.391312233313734,None
2026-03-05 04:15:00,49.10093746556934,2.160995825758186,Clear,20.88410436069699,None
2026-03-05 04:30:00,50.007865549577275,2.355711246398899,Clear,17.266599577063673,None
2026-03-05 04:45:00,50.070470890647115,2.21568599319952,Clear,18.641724448369732,None
2026-03-05 05:00:00,49.324901792781134,2.298814305741745,Clear,28.367260451492683,None
2026-03-05 05:15:00,50.934274898521245,1.7729614734291617,Clear,26.70230525895174,None
2026-03-05 05:30:00,48.39856935592611,1.573456799977447,Clear,13.502093815362013,None
2026-03-05 05:45:00,49.78643077246806,2.450400095586646,Clear,24.148662089395874,None
2026-03-05 06:00:00,50.180443447567846,1.9031960483473593,Clear,24.05698277245796,None
2026-03-05 06:15:00,50.77165825108813,1.9247500950634857,Clear,14.258683556236909,None
2026-03-05 06:30:00,51.067422317133335,2.3984582425547174,Clear,24.093888218774303,None
2026-03-05 06:45:00,48.313036862243194,2.166869002820198,Clear,27.689659592062764,None
2026-03-05 07:00:00,47.69882874389657,2.1367663316244823,Clear,14.387275968777931,None
2026-03-05 07:15:00,51.916515232847765,2.6495007034703253,Clear,15.412485894928682,None
2026-03-05 07:30:00,50.498471017969386,1.806944530885957,Clear,25.08830733421751,None
2026-03-05 07:45:00,48.87727019516517,2.278352038424371,Clear,21.35747655412824,None
2026-03-05 08:00:00,52.32672796328379,2.0171039374691255,Clear,22.757381376197618,None
2026-03-05 08:15:00,50.17351195143929,2.080577683658977,Clear,21.702946082002484,None
2026-03-05 08:30:00,51.76894577609574,2.4585405279237595,Clear,21.95347960464072,None
2026-03-05 08:45:00,50.101277722115164,2.152350726886887,Clear,13.367639358444585,None
2026-03-05 09:00:00,53.091121887322984,2.16148882371489,Clear,25.23658853310724,None
2026-03-05 09:15:00,52.633011263664805,2.3217522011929406,Clear,25.84794996213887,None
2026-03-05 09:30:00,49.62655377728139,1.8905141811371344,Clear,18.85304627965986,None
2026-03-05 09:45:00,51.45735642643153,1.748237099798298,Clear,19.78261525093069,None
2026-03-05 10:00:00,50.968063924377724,1.68655724179369,Clear,12.344462487221389,None
2026-03-05 10:15:00,52.05294733629852,1.4100930231871995,Clear,22.571273780089175,None
2026-03-05 10:30:00,48.55261480912984,2.6168621389820967,Clear,22.86028720857072,None
2026-03-05 10:45:00,51.02907718999766,1.669037490283495,Clear,19.689044915003446,None
2026-03-05 11:00:00,51.58763673027438,1.9336239129242685,Clear,25.621766799352514,None
2026-03-05 11:15:00,47.36189077036533,1.9169560100333238,Clear,18.329613845100297,None
2026-03-05 11:30:00,48.22511223100134,2.09222200934273,Clear,22.823029629468003,None
2026-03-05 11:45:00,46.941151733359845,2.244721163761789,Clear,14.901678306539422,None
2026-03-05 12:00:00,49.595889748333164,2.2581420465079236,Clear,19.88223924562881,None
2026-03-05 12:15:00,51.07631338369394,1.8250767684293185,Clear,19.12822871048582,None
2026-03-05 12:30:00,52.25353557814404,1.9498634858640767,Clear,21.12653961020471,None
2026-03-05 12:45:00,50.11114217062966,2.08477398514649,Clear,18.152365355833208,None
2026-03-05 13:00:00,52.44292331835694,1.9253926621449358,Clear,19.34263702164166,None
2026-03-05 13:15:00,47.929847812677664,2.4822036728059977,Clear,24.13023585720753,None
2026-03-05 13:30:00,47.44492634096727,2.1472924854914752,Clear,17.81617881380891,None
2026-03-05 13:45:00,49.91667845165507,2.2204633358149453,Clear,11.967114496306603,None
2026-03-05 14:00:00,50.57609817340896,2.1988643806002237,Clear,28.747919521027104,None
2026-03-05 14:15:00,49.95095787785886,2.3520421572455974,Clear,26.907270393452432,None
2026-03-05 14:30:00,46.89883684994018,2.054306467611112,Clear,13.538686524471906,None
2026-03-05 14:45:00,49.86631994073082,1.610950415613246,Clear,23.448539026225973,None
2026-03-05 15:00:00,48.04329574924272,2.1199063855257925,Clear,17.485126147243285,None
2026-03-05 15:15:00,51.00450882324506,1.8045929318624512,Clear,21.317436076655298,None
2026-03-05 15:30:00,50.54989736914527,1.841414995475073,Clear,21.47112064506747,None
2026-03-05 15:45:00,48.59018032050896,2.175909205626528,Clear,18.82796099841839,None
2026-03-05 16:00:00,49.22919962399496,2.3714849214300906,Clear,16.081171672068017,None
2026-03-05 16:15:00,48.411179717166576,2.0063814730208187,Clear,16.547294738418703,None
2026-03-05 16:30:00,49.905981354090244,2.092649903779689,Clear,15.419040422593788,None
2026-03-05 16:45:00,51.43271348075186,2.5106644833905714,Clear,15.840888958847776,None
2026-03-05 17:00:00,48.521410930496685,2.0722259538465706,Clear,19.664108549753223,None
2026-03-05 17:15:00,50.756069773276764,2.7805049342541186,Clear,16.421200054446242,None
2026-03-05 17:30:00,49.20461357244134,2.169652893689463,Clear,23.410260328563098,None
2026-03-05 17:45:00,48.81069075160649,1.4717711722532547,Clear,27.436230776679636,None
2026-03-05 18:00:00,49.83945446006816,2.22600248633136,Clear,17.099733793149785,None
2026-03-05 18:15:00,48.44713651637094,2.1143475154648335,Clear,21.197022502676884,None
2026-03-05 18:30:00,49.169526041979225,2.386925826224824,Clear,22.498425551514668,None
2026-03-05 18:45:00,48.203183161116726,2.2019544053809876,Clear,22.360011354596374,None
2026-03-05 19:00:00,52.947087699374585,1.9584632048048678,Clear,20.379776339580438,None
2026-03-05 19:15:00,50.05289532795759,1.6327105291131903,Clear,23.713412091798613,None
2026-03-05 19:30:00,48.95041173801112,1.9372930228141925,Clear,22.411244763403285,None
2026-03-05 19:45:00,50.320969866101336,1.74484386373721,Clear,13.811687888363512,None
2026-03-05 20:00:00,49.831507925463754,1.8258429650585832,Clear,24.345780321946364,None
2026-03-05 20:15:00,49.66854560070016,2.176573521326183,Clear,24.436454186333712,None
2026-03-05 20:30:00,50.92125005006514,2.500971351305422,Clear,16.183569479107092,None
2026-03-05 20:45:00,51.13626156507096,2.1184014589468942,Clear,20.18968917723801,None
2026-03-05 21:00:00,49.20424827858421,1.6412350813894447,Clear,23.416644964055347,None
2026-03-05 21:15:00,49.13627263903298,2.133380800466042,Clear,18.953430902103193,None
2026-03-05 21:30:00,49.587422454272534,2.3589894459936955,Clear,25.364890238830057,None
2026-03-05 21:45:00,46.547118252896624,1.8170651287041855,Clear,31.819362473096803,None
2026-03-05 22:00:00,47.72721340670217,1.9597948499981246,Clear,16.070069836825088,None
2026-03-05 22:15:00,52.05031140116679,2.0044064584187593,Clear,13.094776984231125,None
2026-03-05 22:30:00,52.467451570251924,1.764530506075328,Clear,21.51909297802438,None
2026-03-05 22:45:00,49.626445940665434,2.1944841301531577,Clear,23.607812525630717,None
2026-03-05 23:00:00,50.86483544458365,1.9637155554176655,Clear,18.845668130776154,None
2026-03-05 23:15:00,50.4668752318153,2.1258597331721085,Clear,27.26630331660517,None
2026-03-05 23:30:00,54.61832121268286,1.73375234665937,Clear,13.306971001383756,None
2026-03-05 23:45:00,51.67936236715187,1.868762509902977,Clear,23.464593115158056,None
2026-03-06 00:00:00,49.80812361277885,2.2167144073483316,Clear,16.970695896205534,None
2026-03-06 00:15:00,48.56668933909936,1.8881500543724699,Clear,28.59688953103648,None
2026-03-06 00:30:00,47.590330519613644,2.5180891553700215,Clear,29.96257676584059,None
2026-03-06 00:45:00,50.305195453800835,1.8801091443156193,Clear,16.16671706108326,None
2026-03-06 01:00:00,48.865473882073545,2.0674054177255656,Clear,17.2522143204571,None
2026-03-06 01:15:00,47.86661943560349,2.279777249561927,Clear,24.29793943489901,None
2026-03-06 01:30:00,49.03014067363621,1.5744902801200906,Clear,18.064346751052426,None
2026-03-06 01:45:00,48.377677994578406,1.4717573564057673,Clear,19.77294391033881,None
2026-03-06 02:00:00,52.530712452608846,1.5423031056289715,Clear,20.12694210271205,None
2026-03-06 02:15:00,51.322459635424174,2.3787752310281545,Clear,10.401634219011719,None
2026-03-06 02:30:00,49.988041038025074,1.834442556232266,Clear,19.930811269528814,None
2026-03-06 02:45:00,52.219916208335036,2.767459785700476,Clear,16.55136112967913,None
2026-03-06 03:00:00,50.116052461471426,1.8307257204027834,Clear,17.53438588800114,None
2026-03-06 03:15:00,48.7080736980076,2.055365390959111,Clear,27.21816001734407,None
2026-03-06 03:30:00,52.284686115904485,2.462632985770363,Clear,13.717465528603718,None
2026-03-06 03:45:00,50.808365065526985,2.601827866447737,Clear,24.066025933739887,None
2026-03-06 04:00:00,48.44413076851031,2.6184510729909194,Clear,18.605185348340957,None
2026-03-06 04:15:00,49.71449198287459,2.3625098691779427,Clear,18.601199157520828,None
2026-03-06 04:30:00,48.68657261992286,2.307218757743439,Clear,23.951859480258555,None
2026-03-06 04:45:00,47.925800403553495,2.177758084760355,Clear,21.70025647284445,None
2026-03-06 05:00:00,26.683503175332305,6.726754356277234,Heavy Storm,125.35017939761032,Contextual (Storm)
2026-03-06 05:15:00,28.117968443179194,6.723436250401349,Heavy Storm,170.5311789723596,Contextual (Storm)
2026-03-06 05:30:00,28.340927541993143,6.018633717357694,Heavy Storm,189.72352397426704,Contextual (Storm)
2026-03-06 05:45:00,29.220432339178444,6.578486480484217,Heavy Storm,193.8016616091186,Contextual (Storm)
2026-03-06 06:00:00,28.448432808581586,6.857304895318309,Heavy Storm,182.40406191308193,Contextual (Storm)
2026-03-06 06:15:00,30.318148129911794,6.331872630659464,Heavy Storm,138.50176164267566,Contextual (Storm)
2026-03-06 06:30:00,30.394493847290455,5.814163151384767,Heavy Storm,212.7646979972069,Contextual (Storm)
2026-03-06 06:45:00,27.42290260824859,6.108123239437786,Heavy Storm,178.7167699271736,Contextual (Storm)
2026-03-06 07:00:00,26.286455812346414,6.222226610256567,Heavy Storm,252.04809727510425,Contextual (Storm)
2026-03-06 07:15:00,25.595700947847824,6.302159644121868,Heavy Storm,206.1316709480893,Contextual (Storm)
2026-03-06 07:30:00,50.40568523866976,1.6574932657599484,Clear,22.40933030859246,None
2026-03-06 07:45:00,49.9246428358263,1.9419021622160846,Clear,22.736323986889836,None
2026-03-06 08:00:00,49.64157792970038,1.7849533038191585,Clear,22.744419176586824,None
2026-03-06 08:15:00,48.638654506937606,1.440039014878082,Clear,18.72522103223151,None
2026-03-06 08:30:00,49.1348430041475,1.9751957942471903,Clear,19.372728699985498,None
2026-03-06 08:45:00,51.133086838738635,1.9634757474850149,Clear,21.639397620796785,None
2026-03-06 09:00:00,50.75137578143657,2.4540349229726393,Clear,20.429465031466652,None
2026-03-06 09:15:00,48.53366713280217,2.1892435053664334,Clear,8.903498136262325,None
2026-03-06 09:30:00,50.148998458143836,1.6927439527012385,Clear,18.85100184712403,None
2026-03-06 09:45:00,51.127080685057685,2.5562277699002562,Clear,15.742967828698433,None
2026-03-06 10:00:00,47.495892078317944,2.366310108657606,Clear,20.87605709454256,None
2026-03-06 10:15:00,50.815040288569904,2.1746293110405848,Clear,34.926295013017054,None
2026-03-06 10:30:00,49.00606436158123,1.9320547703450504,Clear,21.83740832737152,None
2026-03-06 10:45:00,50.85589800288974,1.712168228982956,Clear,18.43235156913801,None
2026-03-06 11:00:00,48.855111265186224,1.8883379671786842,Clear,24.60900750988626,None
2026-03-06 11:15:00,47.29267684900322,2.3266245859112558,Clear,22.413439436046062,None
2026-03-06 11:30:00,47.55868634317525,2.565375891780383,Clear,22.100472452259208,None
2026-03-06 11:45:00,50.07212741999207,2.4629730584816567,Clear,23.034252966078355,None
2026-03-06 12:00:00,50.389583752582226,1.8533451734641178,Clear,30.282717824147706,None
2026-03-06 12:15:00,48.643525062343386,1.6641147700132968,Clear,14.345557823370422,None
2026-03-06 12:30:00,50.95788868816606,2.0422658740733612,Clear,22.368160384057273,None
2026-03-06 12:45:00,47.50771990659656,1.4694681903311446,Clear,15.368094350092308,None
2026-03-06 13:00:00,49.90088030202902,2.0969503142554347,Clear,22.77756323171124,None
2026-03-06 13:15:00,48.18347570035632,1.9557192241103993,Clear,15.406567442569528,None
2026-03-06 13:30:00,49.02224583829676,1.8601890494395272,Clear,17.91316593197458,None
2026-03-06 13:45:00,50.07109800697462,1.5215890798199614,Clear,18.524550428810468,None
2026-03-06 14:00:00,48.70937995207407,2.154080031970915,Clear,24.879083596723547,None
2026-03-06 14:15:00,49.42316668365526,1.8401897481014267,Clear,24.59227221971207,None
2026-03-06 14:30:00,51.50943921382166,1.6490249492869136,Clear,13.771413117768077,None
2026-03-06 14:45:00,49.13466219571528,1.1383213360155051,Clear,20.274670554999243,None
2026-03-06 15:00:00,51.25353816809771,1.9917455284848091,Clear,16.452100726254137,None
2026-03-06 15:15:00,48.305439718013574,2.5316754790009233,Clear,13.707475446623327,None
2026-03-06 15:30:00,50.79470626687292,2.4983777643643608,Clear,18.914914747878147,None
2026-03-06 15:45:00,52.16235293098685,1.8628711230241184,Clear,18.457586057720903,None
2026-03-06 16:00:00,46.29253324980907,1.8193363818914658,Clear,32.13358243172761,None
2026-03-06 16:15:00,48.80465711679428,2.1406322768225072,Clear,22.16479912680348,None
2026-03-06 16:30:00,50.86560819077081,1.7004843682435125,Clear,13.111912496228815,None
2026-03-06 16:45:00,49.69543192093551,2.0905375699458397,Clear,17.176129979145287,None
2026-03-06 17:00:00,50.556718810056964,2.229824083515407,Clear,25.106916477146992,None
2026-03-06 17:15:00,49.094022219926266,2.368079967165292,Clear,30.442213864349625,None
2026-03-06 17:30:00,50.12988468120935,1.9699537770560143,Clear,12.070083438810208,None
2026-03-06 17:45:00,49.76648414691188,1.9388978749469103,Clear,10.600378074304775,None
2026-03-06 18:00:00,51.75167309248971,1.7366052239730316,Clear,29.35482587685891,None
2026-03-06 18:15:00,50.38163126495182,1.751935893788042,Clear,21.94807088685452,None
2026-03-06 18:30:00,50.506403993112805,1.932056332429542,Clear,15.658536340618168,None
2026-03-06 18:45:00,49.3821845508163,2.1102096520448534,Clear,22.673145430612177,None
2026-03-06 19:00:00,49.26859066389126,2.2740753878699747,Clear,6.821261304915611,None
2026-03-06 19:15:00,49.351162718270565,1.7590463147958966,Clear,20.016877532985806,None
2026-03-06 19:30:00,50.59167821356745,2.4478065706878565,Clear,21.639105864215427,None
2026-03-06 19:45:00,49.36852327876961,1.9186629196872294,Clear,24.62135069768915,None
2026-03-06 20:00:00,50.43466228534462,1.9935898116954691,Clear,14.930520238537312,None
2026-03-06 20:15:00,53.113101197968156,1.775836496255653,Clear,20.428435807016797,None
2026-03-06 20:30:00,51.30668705514754,1.2727279219181176,Clear,15.372876869702063,None
2026-03-06 20:45:00,49.510964701748236,2.265213618908315,Clear,21.276918778371584,None
2026-03-06 21:00:00,51.80182088324592,2.22105316912773,Clear,15.52326838818488,None
2026-03-06 21:15:00,49.38788694046767,1.915601732864536,Clear,17.959495804198898,None
2026-03-06 21:30:00,46.94281319723322,2.0200972151674614,Clear,15.020923026048855,None
2026-03-06 21:45:00,48.48787053362389,2.15478176531123,Clear,23.255681209118286,None
2026-03-06 22:00:00,47.19381211846122,1.5312362429340372,Clear,24.29225558328333,None
2026-03-06 22:15:00,49.472729773938035,1.8412841967961115,Clear,18.826897150212933,None
2026-03-06 22:30:00,50.027627568784325,2.238279403886548,Clear,20.191189974800142,None
2026-03-06 22:45:00,52.514655968412924,1.6237131730492251,Clear,12.75704292683228,None
2026-03-06 23:00:00,50.490391060646246,2.088067379649989,Clear,18.501616759966065,None
2026-03-06 23:15:00,49.6713492067867,1.5930254586129786,Clear,19.748976914791275,None
2026-03-06 23:30:00,51.24410837177523,2.1399289947300577,Clear,33.103965455149876,None
2026-03-06 23:45:00,46.68329703648817,1.9893075553107549,Clear,14.440164871129182,None
2026-03-07 00:00:00,50.35342183716285,1.515460455228347,Clear,27.32088619376219,None
2026-03-07 00:15:00,51.15629779083045,2.3494218063371513,Clear,24.98429386732904,None
2026-03-07 00:30:00,47.78212063133024,1.7796225269605852,Clear,21.403182022450682,None
2026-03-07 00:45:00,51.715631064810395,1.7569242688956856,Clear,28.793102420975668,None
2026-03-07 01:00:00,50.50774461124162,2.060170759169283,Clear,21.860527363034315,None
2026-03-07 01:15:00,49.377068129148796,2.3445912048286144,Clear,21.945795978339643,None
2026-03-07 01:30:00,50.94917279915943,1.695253454306481,Clear,19.734396734912274,None
2026-03-07 01:45:00,53.406039286706594,2.0185039549543915,Clear,26.117844412093138,None
2026-03-07 02:00:00,50.27279938258774,2.1286449500991718,Clear,25.482346169054416,None
2026-03-07 02:15:00,50.3723308794505,2.2079316821789434,Clear,16.871613562518938,None
2026-03-07 02:30:00,49.310958650689635,2.0529324665831674,Clear,13.403764027006163,None
2026-03-07 02:45:00,48.725233445802814,1.8898916482750032,Clear,18.985096813021716,None
2026-03-07 03:00:00,51.245503724816366,1.7517229338053841,Clear,15.999807178011768,None
2026-03-07 03:15:00,48.7158742611367,2.0258431649139124,Clear,19.682377126923225,None
2026-03-07 03:30:00,50.107349355829086,1.678358296404318,Clear,26.187190673420695,None
2026-03-07 03:45:00,49.283513829852325,1.1235948549516177,Clear,17.71349172456605,None
2026-03-07 04:00:00,50.71846973861959,2.1309679412473,Clear,19.785883093442127,None
2026-03-07 04:15:00,50.50049315793042,2.2711804523258587,Clear,20.290113674041976,None
2026-03-07 04:30:00,51.55630991638685,1.2911202693374486,Clear,24.242154411026423,None
2026-03-07 04:45:00,49.23497540171788,1.6970807885870187,Clear,8.765553330076974,None
2026-03-07 05:00:00,49.59518759705994,2.1857462783015595,Clear,16.966498526173517,None
2026-03-07 05:15:00,48.53185442632654,2.61724864091351,Clear,21.056418461397364,None
2026-03-07 05:30:00,49.33356010988583,2.0062381123026225,Clear,26.000394782134308,None
2026-03-07 05:45:00,50.56595073956728,1.7815991176312598,Clear,17.540487762468974,None
2026-03-07 06:00:00,51.13548292496803,1.945131067668548,Clear,10.61723646979063,None
2026-03-07 06:15:00,48.61675201373356,2.4124629257444554,Clear,23.098557229830682,None
2026-03-07 06:30:00,51.30440888015849,1.8062107462626393,Clear,16.823188055871853,None
2026-03-07 06:45:00,52.033456788207424,1.760242398004924,Clear,14.051666704548193,None
2026-03-07 07:00:00,50.620152354835554,1.8551769433453902,Clear,16.87827305143388,None
2026-03-07 07:15:00,52.8151937188371,1.7140014175223863,Clear,19.07737321172075,None
2026-03-07 07:30:00,48.83931620134464,2.0368010947984385,Clear,16.976276677308938,None
2026-03-07 07:45:00,48.133017945032876,2.4874035375408683,Clear,8.972169714504654,None
2026-03-07 08:00:00,47.33191962664358,2.0969237819348088,Clear,24.485330984435663,None
2026-03-07 08:15:00,52.24406646723377,1.9242939493621136,Clear,26.374375206393612,None
2026-03-07 08:30:00,50.98154848453109,1.9124566193253367,Clear,23.25760995669753,None
2026-03-07 08:45:00,49.91662299363432,1.531042757391003,Clear,14.311571647875917,None
2026-03-07 09:00:00,50.41995293947973,2.2649329331441477,Clear,18.99254233026241,None
2026-03-07 09:15:00,48.31176642905243,1.9766488408961593,Clear,19.96739342385271,None
2026-03-07 09:30:00,53.66862796942524,1.9458560259228124,Clear,22.993971947809552,None
2026-03-07 09:45:00,50.19383177296284,2.9579322703534583,Clear,23.341702443590403,None
2026-03-07 10:00:00,50.164092191907336,2.0896258725097057,Clear,16.32913100610752,None
2026-03-07 10:15:00,51.08864993584804,1.7744626849714447,Clear,20.409977782067802,None
2026-03-07 10:30:00,50.72151384760507,1.872092721138337,Clear,22.286402023076207,None
2026-03-07 10:45:00,50.335826036418695,2.3445337127590262,Clear,27.279111610733832,None
2026-03-07 11:00:00,48.814288316832034,2.0339811231613294,Clear,23.522532699123616,None
2026-03-07 11:15:00,50.70720253570399,1.56851660650479,Clear,23.945283436877595,None
2026-03-07 11:30:00,52.82303674471255,2.275768680372561,Clear,20.419133139646803,None
2026-03-07 11:45:00,52.01813006923247,1.7995567743383019,Clear,27.05229572601752,None
2026-03-07 12:00:00,52.3897799399591,2.561989332865264,Clear,22.048813979797487,None
2026-03-07 12:15:00,49.23317648535322,2.3240144197143944,Clear,15.694560449132148,None
2026-03-07 12:30:00,48.51559276961213,1.8658034313023746,Clear,27.016849850625952,None
2026-03-07 12:45:00,49.81131961985053,2.3843049085205337,Clear,23.489516362695138,None
2026-03-07 13:00:00,50.083587368433044,2.020356653158221,Clear,17.784779894357587,None
2026-03-07 13:15:00,51.641287277706425,2.2558321025366657,Clear,17.602535163003783,None
2026-03-07 13:30:00,47.46130305542777,2.1454198451883424,Clear,21.48287772570381,None
2026-03-07 13:45:00,52.29432547919092,1.746093003502738,Clear,22.315923976337924,None
2026-03-07 14:00:00,49.76298815213151,1.8069350503047614,Clear,20.986461328156032,None
2026-03-07 14:15:00,49.35967839507887,2.308988245274348,Clear,21.556543367214424,None
2026-03-07 14:30:00,48.481843437109745,1.8995674003680378,Clear,28.499786872881902,None
2026-03-07 14:45:00,47.51771499220135,1.878905461027401,Clear,25.35771576117443,None
2026-03-07 15:00:00,51.234755875942874,1.713463226195194,Clear,20.95317795632512,None
2026-03-07 15:15:00,50.1099769507826,2.127079719678038,Clear,24.706552903837416,None
2026-03-07 15:30:00,48.06505865038842,2.6187574757729433,Clear,14.837380482362303,None
2026-03-07 15:45:00,48.05738184190457,1.6797401257237181,Clear,21.989635249734043,None
2026-03-07 16:00:00,49.496322951064805,2.0072658370018273,Clear,29.04653174866555,None
2026-03-07 16:15:00,52.50353228793409,2.4236661666246286,Clear,18.90977052303813,None
2026-03-07 16:30:00,49.61061297295459,1.9761075826262855,Clear,15.761830356904575,None
2026-03-07 16:45:00,47.74528557032284,2.1357115388749204,Clear,16.7395555570347,None
2026-03-07 17:00:00,49.631385403871086,1.6812819415559361,Clear,14.551834813288059,None
2026-03-07 17:15:00,49.5909146453785,2.1284921291622947,Clear,16.076190459361484,None
2026-03-07 17:30:00,45.95467003558764,1.9438567204986354,Clear,18.147459507049856,None
2026-03-07 17:45:00,49.91855770022328,2.295718998703959,Clear,12.97216490410679,None
2026-03-07 18:00:00,49.653598204686986,2.3562158154694255,Clear,20.078091669748016,None
2026-03-07 18:15:00,51.04430954722013,2.776869092605584,Clear,24.511385868933235,None
2026-03-07 18:30:00,52.77343414241802,2.173889951964073,Clear,15.4612190992654,None
2026-03-07 18:45:00,51.68984754432164,2.09773889497465,Clear,27.596419618208845,None
2026-03-07 19:00:00,49.59666696416775,2.058315290473201,Clear,22.553960442637973,None
2026-03-07 19:15:00,48.3402111368875,1.8940501121567934,Clear,25.152902928120287,None
2026-03-07 19:30:00,53.860039704874794,2.1015451530385074,Clear,16.710827230739316,None
2026-03-07 19:45:00,50.08882765102173,1.911379576958291,Clear,24.272626135333077,None
2026-03-07 20:00:00,50.02089393786942,2.0505382928808844,Clear,14.540330498023435,None
2026-03-07 20:15:00,49.963812369334995,2.395279260682388,Clear,24.451237504182544,None
2026-03-07 20:30:00,50.29712714115178,1.6980372304161078,Clear,20.859196698967658,None
2026-03-07 20:45:00,49.78345938211409,2.3419635683387137,Clear,22.76625609992392,None
2026-03-07 21:00:00,49.139506989679646,2.3951345202019594,Clear,14.12202697187574,None
2026-03-07 21:15:00,49.17971158813941,1.9645794419026763,Clear,15.524650788616977,None
2026-03-07 21:30:00,49.950870094676006,1.3634435302974217,Clear,22.986141091266923,None
2026-03-07 21:45:00,49.18486284329935,1.8176534038716703,Clear,15.258259978878996,None
2026-03-07 22:00:00,48.930731325984254,2.3890983639683325,Clear,22.316031460495616,None
2026-03-07 22:15:00,50.159645341537846,1.9931395813103354,Clear,13.164310967698771,None
2026-03-07 22:30:00,49.61753417386872,1.7002093303115267,Clear,24.24087106333334,None
2026-03-07 22:45:00,52.255989482874035,1.8485675236315349,Clear,13.837383426157455,None
2026-03-07 23:00:00,46.023545287410485,2.252186007951366,Clear,22.761499688397617,None
2026-03-07 23:15:00,51.63726027788369,2.164020070460414,Clear,23.128154668230003,None
2026-03-07 23:30:00,51.86912778874645,1.9283203702490916,Clear,16.516140907852126,None
2026-03-07 23:45:00,46.88991465138778,1.8899526764555938,Clear,22.910132835423635,None
2026-03-08 00:00:00,49.485968608879475,1.8824725552868535,Clear,21.30221131666778,None
2026-03-08 00:15:00,49.442838701006316,1.7232769446504492,Clear,17.30579071903631,None
2026-03-08 00:30:00,47.88873245792327,2.4846127068408324,Clear,14.95722657961896,None
2026-03-08 00:45:00,48.833274968613686,1.903303859236598,Clear,10.186871541637105,None
2026-03-08 01:00:00,48.33413623180126,2.365147556247649,Clear,21.748250236498468,None
2026-03-08 01:15:00,52.62840566513543,2.4563948155767354,Clear,12.175986143189725,None
2026-03-08 01:30:00,51.40351758972119,2.299493269444388,Clear,20.47672099720654,None
2026-03-08 01:45:00,51.90733264249124,1.8705139061845855,Clear,18.682758919588753,None
2026-03-08 02:00:00,51.082508096064856,2.121119027100983,Clear,23.39571387719098,None
2026-03-08 02:15:00,48.306422343174155,1.9927413180827251,Clear,18.48977250255068,None
2026-03-08 02:30:00,49.21321960058034,1.7288894417809615,Clear,18.35276106826454,None
2026-03-08 02:45:00,50.73406184184188,2.097307784516481,Clear,23.659353521441478,None
2026-03-08 03:00:00,48.16680828666208,1.6462880626520593,Clear,21.675290145420586,None
2026-03-08 03:15:00,51.06949764525858,2.3563038165384693,Clear,21.58077978591389,None
2026-03-08 03:30:00,49.6395119027628,1.860614810810482,Clear,22.34633794904263,None
2026-03-08 03:45:00,49.437768788675605,2.0603478967618516,Clear,12.32213938396447,None
2026-03-08 04:00:00,51.06643995230524,2.0849863614638426,Clear,23.78394339993491,None
2026-03-08 04:15:00,50.66639496722906,1.9223285078887768,Clear,23.06234397006801,None
2026-03-08 04:30:00,49.45855075127138,2.1760081404425824,Clear,14.916584357117515,None
2026-03-08 04:45:00,51.73899470504637,1.8575289030132427,Clear,18.779597631628995,None
2026-03-08 05:00:00,48.378405008600154,2.2613891892371734,Clear,19.803463561861843,None
2026-03-08 05:15:00,50.92390341041639,1.5962060959259754,Clear,19.327516077991337,None
2026-03-08 05:30:00,50.88965188695258,2.0379138738639235,Clear,21.669299832842672,None
2026-03-08 05:45:00,49.535680341029014,2.5816786997174854,Clear,27.156833909155917,None
2026-03-08 06:00:00,50.48919953336318,1.6999006026183276,Clear,25.408833638364143,None
2026-03-08 06:15:00,48.123329635422046,1.7966765088425445,Clear,13.438904032842968,None
2026-03-08 06:30:00,51.386040528810355,2.1541723548976743,Clear,23.110349951530242,None
2026-03-08 06:45:00,49.722646795335514,2.053874534581879,Clear,26.64466659767705,None
2026-03-08 07:00:00,49.21591546922144,2.1051890297820677,Clear,21.934042603446013,None
2026-03-08 07:15:00,51.57351383875533,2.146756139044299,Clear,25.454902125929834,None
2026-03-08 07:30:00,48.94348446418586,2.190416440568531,Clear,30.061352228503825,None
2026-03-08 07:45:00,47.88730805545466,2.332909952586867,Clear,25.118547730534907,None
2026-03-08 08:00:00,47.66505623971415,2.122945597078554,Clear,21.246542978208645,None
2026-03-08 08:15:00,50.90901492701846,1.9276227036144373,Clear,25.225442370423767,None
2026-03-08 08:30:00,48.07935597125557,2.201772110360819,Clear,20.724439165484455,None
2026-03-08 08:45:00,52.63219127297655,2.5699645804685645,Clear,20.119515216424777,None
2026-03-08 09:00:00,46.87710588817442,1.960209876085228,Clear,18.242928821431338,None
2026-03-08 09:15:00,52.54468455243506,1.7076412085988075,Clear,27.81706679416054,None
2026-03-08 09:30:00,50.31652620080393,2.332124200786092,Clear,15.907856670289993,None
2026-03-08 09:45:00,49.854930332194414,1.9638856508139206,Clear,27.66183862339058,None
2026-03-08 10:00:00,49.182621369786574,1.348199136195789,Clear,22.49932061870186,None
2026-03-08 10:15:00,50.598704171528105,2.2542265031451265,Clear,13.003469125990293,None
2026-03-08 10:30:00,49.94354794636273,1.8394015442138232,Clear,21.83824646495711,None
2026-03-08 10:45:00,51.654952823024786,1.9728400153087517,Clear,9.49986746174188,None
2026-03-08 11:00:00,50.171341472993056,2.0995940991707043,Clear,23.12754008415518,None
2026-03-08 11:15:00,50.22545264219281,2.0571499039337198,Clear,24.426157414944953,None
2026-03-08 11:30:00,49.454581681679215,2.212835545141712,Clear,17.03822022173973,None
2026-03-08 11:45:00,49.9145815644184,1.869354088829047,Clear,20.617738479777913,None
2026-03-08 12:00:00,23.5862148640253,8.68444452721657,Clear,29.770787168751433,Mechanical Failure
2026-03-08 12:15:00,28.29896178864784,8.856488447983349,Clear,17.471266478690318,Mechanical Failure
2026-03-08 12:30:00,23.540795060385182,8.289133853818482,Clear,14.705462064716997,Mechanical Failure
2026-03-08 12:45:00,22.413716912482705,8.457912248940541,Clear,27.408317012312992,Mechanical Failure
2026-03-08 13:00:00,25.901206825725076,6.5041469283742686,Clear,29.812935952653973,Mechanical Failure
2026-03-08 13:15:00,49.724024995470984,2.32579463485251,Clear,20.018478359239236,None
2026-03-08 13:30:00,50.027650899598086,1.8392109664657856,Clear,25.05731517704178,None
2026-03-08 13:45:00,50.52137255804251,2.2424173394843434,Clear,26.707379577654407,None
2026-03-08 14:00:00,49.190360479535954,2.110186194020402,Clear,16.28757883730808,None
2026-03-08 14:15:00,48.83254291189653,2.5514551030385366,Clear,17.57347082316066,None
2026-03-08 14:30:00,50.29376788264652,1.9329602052884445,Clear,26.154372565773674,None
2026-03-08 14:45:00,48.53244083357745,1.8952049611645407,Clear,28.425071393542545,None
2026-03-08 15:00:00,50.61237913357171,1.9941741182336803,Clear,22.814404300871775,None
2026-03-08 15:15:00,47.44612459364324,1.9090460651497174,Clear,15.600928232489728,None
2026-03-08 15:30:00,51.543733455988466,2.239982570582615,Clear,29.935305558497205,None
2026-03-08 15:45:00,50.70889622361956,1.5151068174690236,Clear,17.345145510940178,None
2026-03-08 16:00:00,50.38404460147081,1.6838952742560938,Clear,18.32431109414274,None
2026-03-08 16:15:00,51.47403647591827,1.6796591235262421,Clear,21.711689172448107,None
2026-03-08 16:30:00,52.49821166669386,2.2850922775920726,Clear,27.77080210357387,None
2026-03-08 16:45:00,51.5215550975272,2.5131840117745776,Clear,24.269879882761117,None
2026-03-08 17:00:00,47.238688653002534,1.9686652344387585,Clear,22.074327501809552,None
2026-03-08 17:15:00,48.080634549896445,1.9493534830429968,Clear,22.31644265059053,None
2026-03-08 17:30:00,49.062772133456484,2.0210156489339544,Clear,20.21757334321733,None
2026-03-08 17:45:00,50.03913657531625,2.3485634907824573,Clear,22.79069757259253,None
2026-03-08 18:00:00,50.77648853070369,1.7217940597428278,Clear,7.352199611528485,None
2026-03-08 18:15:00,48.9113842802698,2.0715106948204354,Clear,18.516962704651007,None
2026-03-08 18:30:00,50.28015014671562,2.292559288934729,Clear,21.206609674583905,None
2026-03-08 18:45:00,48.866925601470015,2.1503282509819535,Clear,14.244929581902465,None
2026-03-08 19:00:00,49.082723295512075,2.056874484979623,Clear,21.9316165890578,None
2026-03-08 19:15:00,47.89000835472767,2.3003138277701423,Clear,18.97764389506939,None
2026-03-08 19:30:00,48.61515013083364,1.189030312100229,Clear,28.77737849157745,None
2026-03-08 19:45:00,47.9724730915755,2.2033625958592724,Clear,27.865098626074282,None
2026-03-08 20:00:00,48.536190120534,1.803777295061773,Clear,17.670972154409185,None
2026-03-08 20:15:00,51.58046269491176,1.450810130943063,Clear,19.245811442166524,None
2026-03-08 20:30:00,48.57590166675209,2.1533607798574943,Clear,19.630262171958037,None
2026-03-08 20:45:00,53.94857309725609,2.4120975635488873,Clear,17.741702619201888,None
2026-03-08 21:00:00,50.73997685132133,1.9587654456116925,Clear,20.975124920140633,None
2026-03-08 21:15:00,50.27725418554231,2.2858623641608817,Clear,16.20858965556205,None
2026-03-08 21:30:00,48.71246332972818,2.4836834773965935,Clear,14.346923325312368,None
2026-03-08 21:45:00,51.050464819113486,2.394474336075214,Clear,23.113556119501343,None
2026-03-08 22:00:00,49.136543260643336,2.4919893588114177,Clear,23.147647921109055,None
2026-03-08 22:15:00,50.18301472196804,2.2226382473215676,Clear,15.978421201700037,None
2026-03-08 22:30:00,53.840126807403195,2.022630091670478,Clear,24.476777153812996,None
2026-03-08 22:45:00,49.855910150413024,1.5194102564308496,Clear,16.842111354173344,None
2026-03-08 23:00:00,51.72390998942851,1.9261812535610154,Clear,21.265826190189905,None
2026-03-08 23:15:00,48.945235362311166,1.7470260214051425,Clear,24.10172006306228,None
2026-03-08 23:30:00,49.94751726425456,2.651282815249344,Clear,19.831937176481436,None
2026-03-08 23:45:00,52.656200953453265,1.9472342562702991,Clear,22.27370456070567,None
2026-03-09 00:00:00,49.05954941331835,2.036961442035346,Clear,17.417851780562142,None
2026-03-09 00:15:00,52.718672836995395,2.16544561281214,Clear,19.017667082859514,None
2026-03-09 00:30:00,51.061627903183215,2.0130807339117363,Clear,18.970702845598296,None
2026-03-09 00:45:00,49.156299836158595,2.5085153121292256,Clear,16.267108267298806,None
2026-03-09 01:00:00,50.948611608583285,1.8132051914796645,Clear,19.11612918442109,None
2026-03-09 01:15:00,51.45883167444009,2.058382236571173,Clear,12.256908505681267,None
2026-03-09 01:30:00,50.93271494332579,1.7772588242905856,Clear,17.544231264289476,None
2026-03-09 01:45:00,47.644662920164315,1.6039932466337883,Clear,18.575622533151645,None
2026-03-09 02:00:00,48.909294236262696,1.8164692727284144,Clear,18.7191012375231,None
2026-03-09 02:15:00,49.62872204667274,1.9888889608854763,Clear,18.792512770646105,None
2026-03-09 02:30:00,49.88834985634993,1.871209332644822,Clear,19.691179000699357,None
2026-03-09 02:45:00,50.931008146326015,1.7922737060378433,Clear,22.39720759043032,None
2026-03-09 03:00:00,50.26655150139988,1.5781047608984498,Clear,24.372585370662613,None
2026-03-09 03:15:00,47.996983461934846,1.9750683282113917,Clear,16.751173865758666,None
2026-03-09 03:30:00,50.57029677650895,1.5485838877906994,Clear,13.983995723054278,None
2026-03-09 03:45:00,50.915878617925735,2.228016789106881,Clear,14.789777938784486,None
2026-03-09 04:00:00,50.83968567189656,2.024731925880351,Clear,17.563985394025366,None
2026-03-09 04:15:00,51.621171088331934,1.5627345501605208,Clear,18.240393410917456,None
2026-03-09 04:30:00,51.25088323182336,1.907237276885041,Clear,16.150019669012714,None
2026-03-09 04:45:00,50.688770118842655,1.7743530783228252,Clear,13.519416678750527,None
2026-03-09 05:00:00,49.89475143281203,2.095752353125754,Clear,17.71939586262906,None
2026-03-09 05:15:00,47.508558599726015,2.402135133806943,Clear,20.907133100569858,None
2026-03-09 05:30:00,50.64442732869888,1.4374482591062767,Clear,22.975147329177823,None
2026-03-09 05:45:00,50.311531530744666,2.0345078237442253,Clear,17.212884734458395,None
2026-03-09 06:00:00,50.40736825579306,1.951960161330008,Clear,17.93501088928283,None
2026-03-09 06:15:00,48.08487713626953,2.20140202293514,Clear,15.366508455763446,None
2026-03-09 06:30:00,48.37841518938761,2.0639589884713065,Clear,19.842804148126117,None
2026-03-09 06:45:00,51.579729279999356,1.7744092004783543,Clear,15.757856829045927,None
2026-03-09 07:00:00,49.94066726921502,1.9042838193000144,Clear,22.865639066206,None
2026-03-09 07:15:00,51.02225104605893,1.7611922429589533,Clear,11.070667540329444,None
2026-03-09 07:30:00,50.04247756419569,2.3228021415795794,Clear,18.20185163773769,None
2026-03-09 07:45:00,50.04463420924362,2.0063934946015825,Clear,21.50553669595871,None
2026-03-09 08:00:00,51.407425708964,2.570357205725902,Clear,20.91917258161252,None
2026-03-09 08:15:00,49.225932907673936,1.9818017558556138,Clear,33.46516831990248,None
2026-03-09 08:30:00,50.144181165411474,1.7874779699268613,Clear,21.749000122839536,None
2026-03-09 08:45:00,49.306587066942434,1.5458856822161517,Clear,14.979727015789948,None
2026-03-09 09:00:00,49.34825565885153,1.4590580971232165,Clear,19.522678764554634,None
2026-03-09 09:15:00,49.53624181479704,1.524759217098353,Clear,11.118768332667742,None
2026-03-09 09:30:00,50.33320065745057,2.080137995303445,Clear,19.597001253516197,None
2026-03-09 09:45:00,49.28187706750479,2.1526175069689804,Clear,15.834719714996208,None
2026-03-09 10:00:00,51.88363418836028,1.5256427893903601,Clear,24.57695137780081,None
2026-03-09 10:15:00,48.658089046670746,2.2685114942228344,Clear,17.252298627022327,None
2026-03-09 10:30:00,49.719692533757964,1.8550816844949682,Clear,19.416170421023768,None
2026-03-09 10:45:00,49.340403412588735,2.044037903595665,Clear,16.822210792977984,None
2026-03-09 11:00:00,52.1704668265306,2.483666188476627,Clear,28.694256759266658,None
2026-03-09 11:15:00,50.294832164767364,2.2690517947596596,Clear,18.39378616941044,None
2026-03-09 11:30:00,51.547766809202955,1.9194408056282504,Clear,29.162785217396006,None
2026-03-09 11:45:00,47.771659440444544,1.7326423323754137,Clear,24.070758810591332,None
2026-03-09 12:00:00,50.40057539880389,1.3544553796012084,Clear,22.41033363667693,None
2026-03-09 12:15:00,51.334446193435156,1.7842540042272739,Clear,21.8436657365876,None
2026-03-09 12:30:00,50.12342598391314,1.9366609283516916,Clear,21.968986491081257,None
2026-03-09 12:45:00,51.59822056259803,1.703846141854645,Clear,10.36163710327195,None
2026-03-09 13:00:00,49.22406732484944,1.9606229098723085,Clear,18.60558302924622,None
2026-03-09 13:15:00,52.11402116027837,2.0230555648876303,Clear,24.225789855921608,None
2026-03-09 13:30:00,53.44834718542887,1.9325432054575764,Clear,19.75551408262947,None
2026-03-09 13:45:00,49.45574215934051,1.8049992257529621,Clear,12.974050765982124,None
2026-03-09 14:00:00,49.33174621789884,2.050596401590018,Clear,19.73797774711265,None
2026-03-09 14:15:00,52.18007671567655,2.132582194870823,Clear,28.520527581277456,None
2026-03-09 14:30:00,52.36935821859607,1.6728802767671462,Clear,26.234458577673596,None
2026-03-09 14:45:00,49.2157099592701,2.423279713923881,Clear,19.689979953169843,None
2026-03-09 15:00:00,49.36971977435621,1.9704235603147215,Clear,24.757246385290433,None
2026-03-09 15:15:00,49.57732308670924,2.0056548868834545,Clear,18.16746489815974,None
2026-03-09 15:30:00,47.983324233448585,2.212464326976967,Clear,11.480642065866405,None
2026-03-09 15:45:00,48.6220220802737,2.0699648393790504,Clear,15.377670059352228,None
2026-03-09 16:00:00,48.4937888498719,2.2859409901739736,Clear,27.81444384254099,None
2026-03-09 16:15:00,48.84830365234381,2.0861372495605472,Clear,18.63003459085348,None
2026-03-09 16:30:00,49.94797266891983,1.8162687876078687,Clear,18.78308010312491,None
2026-03-09 16:45:00,50.35132209880478,2.1084510575618305,Clear,18.500809018625596,None
2026-03-09 17:00:00,52.325750739221114,1.6568821378038014,Clear,29.520682947865033,None
2026-03-09 17:15:00,48.502468938891816,2.032567911732957,Clear,28.129794576810315,None
2026-03-09 17:30:00,51.476483597714875,1.9900310028066617,Clear,31.09390116724067,None
2026-03-09 17:45:00,49.67901673366174,1.937564942818238,Clear,19.204773947999744,None
2026-03-09 18:00:00,49.92580443552135,1.9614387465683207,Clear,21.478122443735476,None
2026-03-09 18:15:00,51.01222923824991,1.4354452863507083,Clear,12.416787252896045,None
2026-03-09 18:30:00,48.315916967656555,1.8353825276777116,Clear,27.384672130591373,None
2026-03-09 18:45:00,50.57361461927608,2.0278534703423343,Clear,14.161102243660325,None
2026-03-09 19:00:00,50.24967831231958,2.0479569175992203,Clear,21.083877818813146,None
2026-03-09 19:15:00,50.73867689601222,1.6916974577222126,Clear,14.513487361835779,None
2026-03-09 19:30:00,50.43375296586173,2.37971235225941,Clear,17.05566586630652,None
2026-03-09 19:45:00,53.68295020986634,1.7401475455356499,Clear,15.813687844751499,None
2026-03-09 20:00:00,49.043390023623026,2.290837160158021,Clear,16.96062369662091,None
2026-03-09 20:15:00,49.203504567497276,2.1281583085615052,Clear,17.304386484255108,None
2026-03-09 20:30:00,27.334279191234977,6.453306570550025,Heavy Storm,209.52359783750526,Contextual (Storm)
2026-03-09 20:45:00,24.971059381638465,6.660796605669619,Heavy Storm,184.12003662654888,Contextual (Storm)
2026-03-09 21:00:00,28.036803261566877,6.612632058623775,Heavy Storm,252.64799214941723,Contextual (Storm)
2026-03-09 21:15:00,25.461339006906602,7.3512573290648024,Heavy Storm,220.78168265350578,Contextual (Storm)
2026-03-09 21:30:00,31.263713798178216,6.133483502238005,Heavy Storm,206.06986389268405,Contextual (Storm)
2026-03-09 21:45:00,29.550310988069565,6.77652004292618,Heavy Storm,254.54185767673474,Contextual (Storm)
2026-03-09 22:00:00,27.502942763851102,7.100265829236936,Heavy Storm,207.02073363059444,Contextual (Storm)
2026-03-09 22:15:00,24.065860592825697,5.941406769146499,Heavy Storm,204.2107960954414,Contextual (Storm)
2026-03-09 22:30:00,28.61999796633111,6.471705755550052,Heavy Storm,194.42462743421757,Contextual (Storm)
2026-03-09 22:45:00,24.09779627192275,6.57179396825258,Heavy Storm,236.5691236938099,Contextual (Storm)
2026-03-09 23:00:00,50.30438453127695,1.9597073775588356,Clear,17.343928526962006,None
2026-03-09 23:15:00,47.72638382750415,2.2432424819479344,Clear,22.419383255940197,None
2026-03-09 23:30:00,52.321257801995095,2.238046616165664,Clear,14.488539250817883,None
2026-03-09 23:45:00,52.693816509643284,1.475440408028546,Clear,23.40679755221474,None
2026-03-10 00:00:00,49.080816964273424,2.3913020728634455,Clear,22.043036538508836,None
2026-03-10 00:15:00,49.41844766009602,1.5012524035892978,Clear,18.46095764430558,None
2026-03-10 00:30:00,50.428798086087355,2.309763861302497,Clear,15.807071007763845,None
2026-03-10 00:45:00,50.50168518498054,2.338011541048275,Clear,15.566595388582714,None
2026-03-10 01:00:00,50.98781640900925,1.6727100709354406,Clear,22.674086681729552,None
2026-03-10 01:15:00,53.015306808149525,1.8767557136136246,Clear,26.14490251244531,None
2026-03-10 01:30:00,49.734579158758926,1.6682885994542194,Clear,16.813461264856027,None
2026-03-10 01:45:00,48.80255413319232,1.9355236909133795,Clear,22.29193351775742,None
2026-03-10 02:00:00,47.93102115797821,1.9075897147442777,Clear,9.564864906989657,None
2026-03-10 02:15:00,48.90360494008712,2.233898159680802,Clear,17.076911346714002,None
2026-03-10 02:30:00,49.950309540689304,2.3930926238358827,Clear,19.84470533564549,None
2026-03-10 02:45:00,52.69183679527668,2.418705143236987,Clear,15.451582915090832,None
2026-03-10 03:00:00,49.22358305144574,1.8313495920265095,Clear,15.31746812605202,None
2026-03-10 03:15:00,50.335681927458346,1.9372334378766416,Clear,16.661102217655568,None
2026-03-10 03:30:00,49.97536565589087,1.494968542333715,Clear,21.460963641631867,None
2026-03-10 03:45:00,51.78258991017213,1.7582389800511433,Clear,19.063354907968126,None
2026-03-10 04:00:00,53.79039863881043,2.2894554899292374,Clear,8.808843833375139,None
2026-03-10 04:15:00,49.20369684061952,2.4846748470644693,Clear,9.396499236824669,None
2026-03-10 04:30:00,49.265840836222665,1.6296953384360233,Clear,16.965674110714122,None
2026-03-10 04:45:00,51.566241315603605,1.8222607222541318,Clear,22.28843293026776,None
2026-03-10 05:00:00,51.022837234439464,1.9920782729123219,Clear,6.262475786373827,None
2026-03-10 05:15:00,52.77006098860405,2.084048347645882,Clear,17.501349119241848,None
2026-03-10 05:30:00,50.875892277988946,1.7571189440235062,Clear,17.368760717412894,None
2026-03-10 05:45:00,49.46106186381941,2.127218313339227,Clear,26.94168889104224,None
2026-03-10 06:00:00,50.885982246038466,1.8578481958787252,Clear,18.074890941435683,None
2026-03-10 06:15:00,51.66305537087436,1.9956643187365162,Clear,21.914944923704642,None
2026-03-10 06:30:00,51.230723271796045,2.16388527440111,Clear,20.706285700437316,None
2026-03-10 06:45:00,50.760911046660944,2.0019266809432814,Clear,9.347167600963997,None
2026-03-10 07:00:00,51.60001203438373,1.8690842328420294,Clear,23.841036083158688,None
2026-03-10 07:15:00,51.75394338566851,1.9671170588222509,Clear,21.07698252728144,None
2026-03-10 07:30:00,52.07323848655629,1.9734911122383993,Clear,22.54134319837295,None
2026-03-10 07:45:00,50.97306483138446,1.8889966910353617,Clear,39.63118853218163,None
2026-03-10 08:00:00,49.74932287952472,1.9223611811998693,Clear,9.579435302507058,None
2026-03-10 08:15:00,50.22007052964999,2.479594151151415,Clear,28.62348324880554,None
2026-03-10 08:30:00,51.809763449762535,2.1682758343823716,Clear,18.56276240299822,None
2026-03-10 08:45:00,48.77459649351915,1.9113559045912518,Clear,21.436644522015047,None
2026-03-10 09:00:00,50.55300996330935,2.2090863213532206,Clear,19.77243877349379,None
2026-03-10 09:15:00,49.40999178150896,1.899854153073197,Clear,17.878818333009782,None
2026-03-10 09:30:00,50.043117234402224,2.3519373912759924,Clear,17.150835358806205,None
2026-03-10 09:45:00,51.91767779391095,2.110892657659428,Clear,21.647543677865045,None
2026-03-10 10:00:00,50.28664860202986,1.9678093567987314,Clear,12.414131516641604,None
2026-03-10 10:15:00,50.06965482223422,2.134315077743083,Clear,23.75289583760883,None
2026-03-10 10:30:00,47.96021578853012,1.5287371543794501,Clear,17.91902797557373,None
2026-03-10 10:45:00,51.11938034904083,1.6619697593270584,Clear,14.349653304798212,None
2026-03-10 11:00:00,50.968226271711615,1.6418224980802834,Clear,17.74993571002093,None
2026-03-10 11:15:00,53.24488208495819,2.042882928429112,Clear,26.285746084312862,None
2026-03-10 11:30:00,49.5383326475705,2.5197544998455275,Clear,17.323324564918885,None
2026-03-10 11:45:00,50.32872549149591,2.6693900438577898,Clear,21.7922680910481,None
2026-03-10 12:00:00,50.374075525566134,2.191415330432227,Clear,16.34521862142263,None
2026-03-10 12:15:00,52.36617991964521,2.150253342483337,Clear,23.7896092496181,None
2026-03-10 12:30:00,49.85705670141957,1.4596826797541782,Clear,23.42753869395102,None
2026-03-10 12:45:00,50.418532288655506,1.8371978600797936,Clear,29.243044166482058,None
2026-03-10 13:00:00,50.91184476457481,1.7636648744275283,Clear,19.122180272503922,None
2026-03-10 13:15:00,50.27991368473454,1.8137457205246652,Clear,23.343274023789533,None
2026-03-10 13:30:00,49.33034957817421,1.9495568544245632,Clear,20.490337697694724,None
2026-03-10 13:45:00,50.29113498934746,1.8583728266908617,Clear,26.47935890931507,None
2026-03-10 14:00:00,51.61044762478966,1.4062100568872637,Clear,16.40583806195635,None
2026-03-10 14:15:00,48.46022705088341,2.2243730768352603,Clear,23.725026564386404,None
2026-03-10 14:30:00,50.19945451122032,1.6781770922780581,Clear,19.026513519416593,None
2026-03-10 14:45:00,48.94981877759124,2.071774059233345,Clear,19.679059114457512,None
2026-03-10 15:00:00,51.792569943387264,2.622224800924992,Clear,20.458762422241865,None
2026-03-10 15:15:00,47.71521964282434,1.724184622524073,Clear,21.261201982133386,None
2026-03-10 15:30:00,49.16161722909262,1.240913743176101,Clear,19.41885478439021,None
2026-03-10 15:45:00,50.565817812596784,1.9141987334359667,Clear,21.073565915852633,None
2026-03-10 16:00:00,52.34828604385151,2.330287890499571,Clear,27.890590287810923,None
2026-03-10 16:15:00,49.90137460839052,2.587504236266178,Clear,24.92724842807609,None
2026-03-10 16:30:00,49.167200709960206,1.6311351216642749,Clear,24.34577296248448,None
2026-03-10 16:45:00,52.821735604160885,2.1490097669709565,Clear,17.722302369880648,None
2026-03-10 17:00:00,47.827979149375636,1.860406862965984,Clear,15.55379585885838,None
2026-03-10 17:15:00,46.70179106506988,1.9682154937087593,Clear,24.776502791188765,None
2026-03-10 17:30:00,50.660021675079996,2.7933030041051103,Clear,24.380233962648973,None
2026-03-10 17:45:00,49.246918663471085,1.549108901481454,Clear,27.36335337875491,None
2026-03-10 18:00:00,48.46815077430393,2.0761218984483722,Clear,16.98009687015385,None
2026-03-10 18:15:00,51.06253467094903,2.14030795152963,Clear,18.852256723198266,None
2026-03-10 18:30:00,50.3657010706568,2.3257358974818043,Clear,11.80257918737283,None
2026-03-10 18:45:00,49.153882053894904,2.029394946041269,Clear,18.037644469695636,None
2026-03-10 19:00:00,48.07954340199366,2.0924151618512306,Clear,24.982852552897235,None
2026-03-10 19:15:00,51.308685992420216,1.8825054297734627,Clear,17.66752310385901,None
2026-03-10 19:30:00,50.97530176693799,2.080738082373532,Clear,23.20239897600412,None
2026-03-10 19:45:00,49.851236204330924,1.8970423173507769,Clear,19.047484470010943,None
2026-03-10 20:00:00,52.769955494071496,2.1864715669568153,Clear,21.620285141107804,None
2026-03-10 20:15:00,48.39487285051077,1.8891168991869098,Clear,14.261543050921663,None
2026-03-10 20:30:00,47.711712243612894,2.113130118170656,Clear,20.426047248169507,None
2026-03-10 20:45:00,48.96213789517813,1.9912211558945065,Clear,5.044320145496384,None
2026-03-10 21:00:00,49.93162097546676,2.33781507523165,Clear,19.065519209190075,None
2026-03-10 21:15:00,50.365009173984035,1.984581882923454,Clear,11.8476337814243,None
2026-03-10 21:30:00,49.6381459132155,1.4680902595379357,Clear,26.029972582734082,None
2026-03-10 21:45:00,50.528083094771446,2.3785764502141973,Clear,23.887036763822557,None
2026-03-10 22:00:00,48.12269086371433,1.7282803097412143,Clear,22.333354909830405,None
2026-03-10 22:15:00,52.16564690610989,1.803870098405354,Clear,27.6050311357969,None
2026-03-10 22:30:00,49.876773232411146,1.8213016117869523,Clear,15.255417395875813,None
2026-03-10 22:45:00,51.67594374738219,2.412331427951245,Clear,28.736815989577792,None
2026-03-10 23:00:00,50.51408801956656,1.3592977358063913,Clear,24.660957821301924,None
2026-03-10 23:15:00,50.68512982873067,2.941324560097998,Clear,18.81722356390527,None
2026-03-10 23:30:00,50.854650920348305,2.3168170427198156,Clear,25.67810073591472,None
2026-03-10 23:45:00,50.67156284002597,2.066971674238748,Clear,14.468532437941828,None
2026-03-11 00:00:00,50.964084139801315,1.983531799815114,Clear,15.877429192361632,None
2026-03-11 00:15:00,51.99372879519865,2.0856662224572973,Clear,16.9570513838015,None
2026-03-11 00:30:00,50.294781754552204,2.1563367285138013,Clear,17.355111459679925,None
2026-03-11 00:45:00,51.06350563638277,2.193564675785017,Clear,14.717211786198735,None
2026-03-11 01:00:00,49.86539645856916,2.1666813398010345,Clear,26.115415335476627,None
2026-03-11 01:15:00,52.16017582317421,2.0268742043765746,Clear,18.70572799815084,None
2026-03-11 01:30:00,48.985411546911095,1.9407984739078021,Clear,21.762524841784398,None
2026-03-11 01:45:00,52.701410649366224,1.9546180149039465,Clear,17.148243167931597,None
2026-03-11 02:00:00,49.939763074033486,1.9415275158941956,Clear,10.896983497257414,None
2026-03-11 02:15:00,47.85383734682293,2.340131029060119,Clear,21.35028679195711,None
2026-03-11 02:30:00,50.192156622366184,2.1780670166842584,Clear,10.438725122901115,None
2026-03-11 02:45:00,48.97842251378768,1.117883409600716,Clear,19.656829769572656,None
2026-03-11 03:00:00,51.260965323483084,2.1967702329589285,Clear,13.158424805835947,None
2026-03-11 03:15:00,49.021064031046414,2.0584208584156323,Clear,29.936379996154038,None
2026-03-11 03:30:00,49.33072485017783,1.9943873730662307,Clear,24.556813610873608,None
2026-03-11 03:45:00,47.1656889035817,1.8834444640733343,Clear,20.528768956357403,None
2026-03-11 04:00:00,49.32154052112639,2.337233815995804,Clear,26.318533388273345,None
2026-03-11 04:15:00,46.36418101005656,2.2842579386368573,Clear,15.768420112671322,None
2026-03-11 04:30:00,47.62414576477141,1.7681366996529173,Clear,22.717396893350465,None
2026-03-11 04:45:00,51.140621984216445,2.1221156861373607,Clear,20.99905216859357,None
2026-03-11 05:00:00,51.17870023797625,1.7085029796376143,Clear,21.32010040666835,None
2026-03-11 05:15:00,50.63818634267745,1.586114550563321,Clear,26.361767500533837,None
2026-03-11 05:30:00,48.54953578530618,1.8119848326230104,Clear,23.66246051389901,None
2026-03-11 05:45:00,49.92843296578703,2.2587180417148276,Clear,21.443618314125118,None
2026-03-11 06:00:00,49.994596191364145,2.285937513612826,Clear,11.725562818858519,None
2026-03-11 06:15:00,48.262452966211185,2.1539256260291877,Clear,15.199768523602682,None
2026-03-11 06:30:00,52.25509745265072,2.217528736054399,Clear,19.38645533202138,None
2026-03-11 06:45:00,51.316043435863506,2.1548534861344875,Clear,20.466861871383255,None
2026-03-11 07:00:00,49.6685537392555,1.8075555214331143,Clear,14.34898137663038,None
2026-03-11 07:15:00,50.040328758491796,2.129576763402182,Clear,32.058383377892106,None
2026-03-11 07:30:00,50.31257421192133,2.2401228575683048,Clear,27.581970276267864,None
2026-03-11 07:45:00,46.937397697363565,2.226287398944072,Clear,23.010591601962417,None
2026-03-11 08:00:00,49.62923392621911,2.3566740114423927,Clear,20.360184306418724,None
2026-03-11 08:15:00,48.9770236280033,2.212491154160319,Clear,18.93895515049424,None
2026-03-11 08:30:00,48.497569985157625,2.1054344622624748,Clear,15.240407699888822,None
2026-03-11 08:45:00,49.578349560671064,2.321045071494928,Clear,20.387402592594313,None
2026-03-11 09:00:00,52.69652979027428,1.992043622225282,Clear,21.288762700713754,None
2026-03-11 09:15:00,50.96126429190051,1.7354376046316846,Clear,13.791197122591878,None
2026-03-11 09:30:00,49.1432315153258,1.9510799108168708,Clear,21.670882086224488,None
2026-03-11 09:45:00,50.85887417203424,1.7765292065580653,Clear,19.223704755876255,None
